Id,Target,delq_m_1,delq_m_2,delq_m_3,delq_m_4,delq_m_5,delq_m_6,delq_m_7,delq_m_8,delq_m_9,delq_m_10,delq_m_11,delq_m_12
180NO0G,0,6,0,1,0,1,2,1,2,3,4,3,0
DP7ZOA8,0,4,0,1,2,3,2,0,1,0,1,2,3
NQB3VZH,0,1,2,3,1,0,1,0,1,2,3,1,2
CMWUZH4,0,7,0,1,2,1,2,1,2,0,1,0,1
YOG7J1E,1,8,3,2,1,2,1,2,0,1,2,1,0
PC2OA6T,0,3,1,0,1,2,3,1,2,0,1,0,1
ZF5BYKH,0,5,4,1,2,3,2,0,1,0,1,2,1
4230C0K,0,8,0,1,0,1,0,1,0,1,0,1,0
VDW6H55,0,6,7,3,2,0,1,2,3,4,3,0,1
I9RV8WV,0,1,0,1,0,1,0,1,2,3,4,1,2
8B0Y5DS,0,4,2,3,0,1,0,1,2,3,4,1,2
TZ9MUZ2,0,7,4,2,1,0,1,2,1,2,0,1,0
K3LU1CO,0,4,0,1,0,1,0,1,0,1,0,1,2
54HI0XJ,0,1,2,1,2,0,1,2,0,1,2,1,2
3301WCA,0,5,4,5,1,0,1,2,1,0,1,0,1
57D6O9P,0,6,2,1,0,1,0,1,2,0,1,2,0
7Y159R8,0,1,0,1,0,1,0,1,2,0,1,2,3
X60L9MH,0,5,4,2,3,0,1,2,1,2,0,1,2
OU5RAAR,0,2,3,0,1,2,0,1,0,1,0,1,2
0D5RIQ4,0,0,1,0,1,0,1,0,1,0,1,2,1
OY44EOC,0,1,2,3,0,1,2,1,0,1,0,1,2
X7OYQ7Q,1,9,4,1,2,3,4,2,1,0,1,0,1
7FS6K1A,0,4,2,0,1,0,1,0,1,0,1,2,1
Q766C4J,0,0,1,2,0,1,2,0,1,2,0,1,0
YSTNQ83,0,4,0,1,0,1,2,1,0,1,2,3,2
80H5SSG,0,4,1,2,1,0,1,2,0,1,2,1,0
H1TQTSQ,0,8,3,1,2,0,1,0,1,0,1,0,1
DQX1C51,0,5,1,0,1,0,1,0,1,2,1,2,3
MA7RLCV,0,6,4,2,1,2,1,2,1,2,1,2,1
QH90T2C,0,2,1,2,1,0,1,0,1,2,0,1,0
CJHHLC5,0,4,0,1,0,1,2,1,2,0,1,2,1
C7J3ZHF,0,9,1,2,0,1,2,1,2,3,2,1,0
M9W6372,0,9,2,1,0,1,0,1,0,1,2,0,1
8ZTFXEY,0,1,0,1,2,0,1,0,1,2,1,2,1
SLCR421,0,0,1,2,1,0,1,0,1,2,0,1,2
KDVCUWW,1,3,0,1,2,3,0,1,0,1,0,1,2
RX9QN9W,0,7,6,0,1,0,1,2,0,1,0,1,2
CSW6P2W,0,6,2,3,2,1,0,1,2,0,1,0,1
Z6EETIJ,0,6,4,5,0,1,2,3,2,1,2,0,1
7ZYTYV7,0,3,4,2,3,4,1,2,1,0,1,2,0
R9OF7UE,0,7,5,1,2,3,0,1,0,1,2,3,2
0L0A4GR,0,2,0,1,2,3,4,3,2,1,0,1,2
URESVOR,0,9,10,3,1,0,1,0,1,2,0,1,2
CNL0RAY,0,8,0,1,2,0,1,2,0,1,2,3,4
PO8HZI8,0,9,10,3,4,3,1,0,1,0,1,0,1
4D0GYGN,0,7,5,6,1,2,3,2,0,1,0,1,2
2OWTQMY,0,0,1,0,1,2,3,4,2,3,1,2,0
CJNXZRV,0,7,6,1,0,1,0,1,0,1,0,1,2
DZG54JN,1,4,3,0,1,0,1,2,3,4,3,4,0
EIZQHTI,0,7,3,4,5,1,2,0,1,2,0,1,0
DCIZ46S,0,9,10,4,3,2,3,2,0,1,0,1,2
I9WFF65,0,2,3,4,0,1,2,0,1,2,3,4,2
5P7NXKY,0,4,1,2,3,4,3,1,2,3,1,0,1
G1ZDX70,0,0,1,0,1,2,3,1,0,1,0,1,2
SP8ZNDV,0,9,10,6,2,3,1,2,1,2,1,2,0
ZG0049J,0,6,0,1,0,1,2,3,2,1,0,1,0
43XBST6,0,3,4,3,0,1,0,1,0,1,0,1,0
64WBTYB,0,6,2,3,2,1,0,1,0,1,2,1,2
ESTF2EI,0,9,3,1,2,1,0,1,0,1,0,1,0
TSZ8W2F,0,0,1,0,1,0,1,0,1,2,0,1,2
OE11H0E,0,0,1,2,3,2,1,2,3,1,0,1,2
A1XFNOA,0,2,3,0,1,2,0,1,2,1,0,1,0
I3PA3HK,0,6,0,1,0,1,2,1,2,1,0,1,2
N08PNH0,0,6,4,5,4,0,1,2,0,1,2,1,2
VNIP5MI,0,5,1,2,3,2,0,1,0,1,2,1,2
OOGPHCK,0,3,4,5,2,1,2,3,2,1,2,3,0
DVANB46,0,0,1,2,3,0,1,2,3,2,3,0,1
L5MUXCF,0,4,0,1,2,1,2,1,2,1,2,0,1
9ALFN0K,0,0,1,0,1,2,0,1,2,1,2,1,2
5CQLB5X,0,4,2,1,2,3,2,0,1,2,1,2,1
XV59ZX5,0,6,4,1,0,1,2,1,2,3,4,3,2
4CG8V2O,0,8,0,1,2,1,2,3,0,1,0,1,0
FVIT32P,0,6,4,5,1,0,1,2,3,4,0,1,2
YVJJM6Y,0,4,0,1,2,1,0,1,2,3,4,5,6
C2W2D0E,0,4,5,6,0,1,2,1,2,0,1,0,1
ZLWMJET,0,9,6,1,2,0,1,0,1,2,0,1,0
SDGAM0E,0,6,7,6,5,4,1,2,0,1,0,1,2
W7PLPI6,1,7,6,2,0,1,2,1,2,0,1,0,1
OS5CG3F,0,3,4,5,4,1,2,1,2,0,1,0,1
SPV3LDE,0,6,1,0,1,2,1,2,0,1,0,1,0
5V8FH0V,0,0,1,2,0,1,2,0,1,0,1,2,3
EDHS3MZ,0,6,3,2,0,1,2,1,2,3,2,0,1
FDBLGOU,0,6,5,1,0,1,2,3,0,1,2,3,2
8VBE2OW,0,8,4,5,3,0,1,0,1,2,0,1,2
KVUGDFH,0,3,0,1,2,0,1,2,0,1,2,3,2
QTNXIIK,0,1,0,1,2,1,2,0,1,2,0,1,0
Z7DQ4GP,0,8,9,3,2,1,0,1,2,3,2,0,1
BYNFYPK,0,9,1,2,0,1,0,1,0,1,2,3,1
4XRJ3VW,1,6,5,4,2,1,2,0,1,0,1,0,1
N4XXQ2F,0,1,0,1,0,1,2,0,1,0,1,0,1
GA9M67H,0,9,5,0,1,0,1,0,1,0,1,0,1
UFIXEPD,0,7,8,9,5,6,5,1,0,1,0,1,0
C05WQCL,1,4,1,0,1,2,3,4,1,2,0,1,2
7VGJRBH,0,0,1,2,3,2,3,2,3,1,0,1,0
6I4X0C0,0,9,0,1,2,3,1,0,1,0,1,2,1
U2AP03C,0,7,1,0,1,2,0,1,2,0,1,0,1
65O11HS,1,7,5,6,3,2,3,1,0,1,2,3,4
ME1BYJ6,0,0,1,2,1,2,1,2,0,1,2,3,0
9IQA9VX,0,2,1,0,1,2,1,0,1,0,1,2,0
IFFT5FX,0,2,1,0,1,0,1,2,3,0,1,0,1
QCVMK9E,0,6,2,3,4,5,0,1,2,1,2,0,1
LZ19XUS,0,2,0,1,0,1,2,1,2,1,0,1,0
A256K9L,0,3,4,3,2,3,4,0,1,2,1,0,1
VDYKDVA,1,1,2,3,0,1,0,1,0,1,0,1,0
J2MDNB8,0,1,2,1,2,3,0,1,0,1,2,0,1
ACH9YWB,0,6,2,1,2,3,1,0,1,0,1,0,1
0NEV401,0,6,2,1,0,1,0,1,0,1,0,1,2
02DW9SH,0,9,8,1,2,0,1,0,1,0,1,2,1
WQ4LTFI,0,6,2,3,4,3,0,1,2,0,1,2,3
731WEH5,0,7,4,0,1,0,1,2,0,1,0,1,0
FQZHXW5,0,4,0,1,2,3,4,3,4,2,1,0,1
YIHSDTX,0,7,1,0,1,0,1,0,1,2,0,1,0
6A8UCU6,0,1,0,1,0,1,0,1,2,1,2,3,2
F474HAB,0,6,1,2,0,1,2,3,0,1,0,1,0
J0CPG7V,0,3,1,2,3,2,0,1,2,1,0,1,0
XYKN9YX,0,6,7,0,1,2,0,1,0,1,2,1,2
X7XD9HE,0,2,0,1,0,1,2,0,1,2,3,2,3
QV4BC35,0,5,1,0,1,2,3,4,3,0,1,0,1
05IYG0K,0,4,2,1,2,3,4,3,2,0,1,0,1
9CG5LJ7,0,5,3,2,1,2,1,0,1,0,1,2,1
FIF4723,0,5,4,0,1,2,0,1,2,3,0,1,2
1WA17HI,0,1,0,1,2,3,1,0,1,2,0,1,0
LW6S4C2,0,3,4,1,2,1,0,1,0,1,0,1,2
EQUG8NE,0,6,7,0,1,0,1,2,0,1,2,3,2
MCGP1Y5,0,5,4,0,1,0,1,2,1,2,1,0,1
5NA0FKG,0,5,3,4,0,1,0,1,0,1,2,0,1
AC8PLNM,0,0,1,2,1,2,1,0,1,0,1,0,1
41AN6N7,0,1,2,3,0,1,2,3,1,2,0,1,2
RBCSVIO,0,2,1,0,1,2,0,1,2,1,2,0,1
QHRZZSD,0,6,2,0,1,2,0,1,0,1,0,1,0
ORFSXL1,0,6,3,2,3,4,0,1,0,1,2,1,0
OSR6V1S,0,9,4,3,1,0,1,2,0,1,0,1,2
CBVYIXW,0,9,8,6,3,4,3,1,2,3,0,1,0
G80NQNR,0,8,7,5,1,0,1,0,1,0,1,2,0
KO6K8ED,0,8,9,5,2,1,0,1,0,1,2,3,0
0R3O124,1,7,4,0,1,0,1,2,3,1,0,1,0
FHAAG78,0,1,0,1,2,3,4,0,1,2,3,2,3
A3EJBFN,1,1,0,1,0,1,0,1,0,1,2,3,1
44UM3J9,0,0,1,0,1,2,1,2,3,1,0,1,2
708UPP6,0,2,1,2,1,2,1,0,1,2,1,2,1
9PWEV3P,0,8,1,0,1,0,1,2,0,1,2,3,0
MS2NLX4,0,8,7,0,1,0,1,2,1,2,3,1,2
0POBDBV,1,1,2,0,1,2,0,1,2,3,2,1,0
3IOIPOJ,0,7,5,3,4,1,2,0,1,0,1,0,1
1DZPMLB,0,2,3,1,2,0,1,2,1,0,1,0,1
IF9O1QN,0,2,3,4,5,6,7,8,3,1,2,3,2
JB7IGN0,1,0,1,0,1,2,0,1,2,0,1,2,0
0Y37G0B,0,6,1,0,1,0,1,2,1,0,1,2,1
SYXTG3V,0,2,0,1,0,1,2,1,0,1,2,3,2
VEDE81Y,0,9,2,1,2,1,0,1,2,0,1,0,1
WF2DXKB,0,9,10,6,3,4,1,2,1,2,1,2,1
IVJBRZ0,0,5,1,2,0,1,2,3,1,2,1,2,3
OYO81UY,1,3,1,2,0,1,0,1,2,1,2,0,1
674Z7UW,1,5,6,5,3,1,0,1,2,0,1,0,1
XUY0E1M,0,0,1,2,3,1,0,1,2,0,1,0,1
QN352TR,0,6,1,0,1,2,1,0,1,0,1,0,1
FAB8609,0,1,0,1,0,1,0,1,2,0,1,2,0
FVUF3HQ,0,4,3,1,0,1,0,1,0,1,0,1,0
3CUKNWC,0,6,5,0,1,0,1,0,1,0,1,0,1
Q2QYC8W,0,9,4,5,1,0,1,2,1,2,1,0,1
UGKRZ9J,0,9,7,1,0,1,2,1,0,1,2,3,4
W9N9W49,0,0,1,2,1,2,3,0,1,0,1,2,1
8GM3V52,0,1,2,1,0,1,2,3,4,1,0,1,0
APRFKXJ,0,5,1,0,1,2,3,0,1,0,1,2,3
GFLRL0W,0,2,0,1,2,0,1,0,1,0,1,0,1
PYSYXCX,0,7,6,2,0,1,2,0,1,2,1,2,1
HARR6R1,0,6,2,1,2,1,0,1,0,1,0,1,0
ONWHT1X,0,6,2,3,0,1,2,3,2,1,2,3,1
U7W86AE,0,8,9,7,5,3,2,1,2,1,2,3,0
IPYI7PO,1,7,5,3,4,2,0,1,2,0,1,0,1
KHEUWRR,0,8,6,5,2,3,0,1,0,1,0,1,0
ZOCN800,0,0,1,2,0,1,0,1,0,1,0,1,0
36TLU7N,0,4,2,0,1,0,1,2,3,0,1,2,3
O0YB82I,0,6,5,6,7,4,1,2,0,1,0,1,2
HKXGDC8,0,6,7,8,3,1,0,1,0,1,2,1,0
RM3ORS1,0,5,2,0,1,2,3,0,1,0,1,2,0
6V0HZZY,0,0,1,0,1,0,1,0,1,0,1,2,0
P4MTDT3,0,6,2,1,2,1,2,1,0,1,2,3,4
IEVRYTY,0,6,7,8,4,5,4,0,1,2,0,1,0
ZO5SQ1M,0,0,1,2,1,0,1,0,1,2,1,0,1
FZNV06P,0,8,0,1,0,1,2,3,1,0,1,0,1
XW1FHB1,0,0,1,2,3,0,1,2,0,1,0,1,0
501QLNW,0,1,0,1,2,3,4,3,2,3,4,5,2
0IWHGSX,0,7,1,0,1,0,1,0,1,0,1,0,1
W9W87GI,0,4,3,1,2,1,0,1,0,1,2,0,1
Q8AO6E7,0,2,0,1,0,1,2,1,0,1,2,0,1
KLHI8V4,0,2,0,1,0,1,0,1,0,1,0,1,2
F7S3V6D,0,6,1,2,0,1,0,1,2,3,2,0,1
TKEDA57,0,3,4,2,1,0,1,0,1,2,3,4,2
2R1ZOA7,0,2,0,1,0,1,0,1,2,1,0,1,0
Y0QKFXY,0,5,4,2,0,1,2,1,2,0,1,0,1
7C7J1WJ,0,3,4,2,0,1,2,1,0,1,0,1,0
DCOP7KX,0,8,1,2,3,2,3,4,2,3,4,2,0
0EGM5N4,1,8,0,1,2,1,0,1,2,3,2,1,2
YG5Q2KU,0,7,6,0,1,0,1,0,1,0,1,2,1
UKY7XLX,0,9,8,9,6,7,1,0,1,2,1,0,1
4TPT7FM,0,7,6,5,1,2,0,1,2,3,2,1,2
DPZ5DAM,0,6,2,1,2,3,0,1,2,1,0,1,0
2HIRKG8,0,2,0,1,0,1,0,1,0,1,0,1,0
V6AMHSO,0,9,4,5,4,5,2,1,2,3,1,0,1
HPIDO2O,0,8,9,1,0,1,2,1,0,1,0,1,2
X2QNMLF,0,1,2,3,4,2,0,1,0,1,2,1,2
AQSMSEN,0,1,0,1,0,1,0,1,0,1,0,1,2
74IQSMU,0,2,0,1,2,1,0,1,0,1,0,1,2
XZ0MBRZ,0,9,4,2,0,1,2,0,1,0,1,2,0
M32FTA0,0,2,0,1,0,1,2,3,4,0,1,0,1
9CY011G,0,9,5,0,1,2,3,4,5,3,4,2,0
91DWIDW,0,8,7,6,7,1,2,3,1,2,1,0,1
CVDXSFY,0,3,4,0,1,0,1,2,1,2,3,0,1
JGVQDTA,1,0,1,2,0,1,2,3,4,1,2,1,2
9FVJ0ZF,0,6,3,1,2,0,1,2,1,2,0,1,0
F8Z0IDU,0,7,8,0,1,2,1,2,3,0,1,0,1
TRF6NZH,0,1,2,3,1,0,1,0,1,0,1,2,1
GDE0YAN,0,1,2,3,4,5,4,3,2,0,1,0,1
21SK1AJ,0,5,2,3,0,1,0,1,2,1,0,1,0
KUELLUJ,0,8,7,4,5,4,1,0,1,2,3,2,3
ZVD6YLA,0,3,1,2,0,1,0,1,2,1,2,0,1
LOWEYCU,0,8,5,0,1,2,0,1,0,1,0,1,2
5JEYLXN,0,6,2,0,1,0,1,2,1,2,1,0,1
OZ98T04,0,6,1,0,1,0,1,2,1,2,1,0,1
9G47NMM,1,3,4,2,3,1,2,3,1,2,0,1,2
9OG49BI,0,1,2,3,1,2,0,1,0,1,2,3,0
5X1O6SK,0,5,1,2,1,2,3,1,2,1,2,1,0
6X85FQM,0,3,0,1,0,1,2,0,1,2,1,2,0
IJJN6EU,1,4,5,4,2,0,1,0,1,2,3,0,1
F4DYKO7,0,6,3,1,0,1,0,1,0,1,0,1,0
P3PQVXR,0,9,3,2,0,1,0,1,2,3,4,3,4
21818QD,0,0,1,2,1,2,3,1,2,3,1,0,1
44HNWJ9,1,5,1,0,1,0,1,0,1,0,1,0,1
DZ7U1DS,0,5,1,2,1,0,1,0,1,2,1,2,3
L37JCGI,0,4,3,2,1,2,1,0,1,0,1,2,0
RL12FF7,0,0,1,2,1,0,1,2,0,1,0,1,0
I4GP294,0,8,2,3,4,5,4,1,0,1,2,0,1
FXP1U4T,0,1,2,0,1,2,1,0,1,0,1,0,1
VHWSDA2,0,2,3,0,1,0,1,2,1,2,0,1,2
UJLPQJC,0,0,1,2,1,0,1,0,1,2,3,1,0
X4LCPC8,0,6,2,0,1,0,1,0,1,2,1,0,1
80K23VR,0,5,2,0,1,2,1,0,1,2,1,2,3
0XLUDSG,0,9,1,2,0,1,0,1,2,1,0,1,2
XMEQQ05,0,4,1,0,1,2,3,0,1,0,1,2,1
RM73CXF,0,0,1,0,1,2,3,2,0,1,0,1,2
DVIAMJF,1,3,4,2,3,0,1,0,1,0,1,2,1
8G8UL6B,0,1,0,1,0,1,0,1,2,3,1,2,3
W7NP1LS,0,3,4,0,1,0,1,2,0,1,0,1,0
0MGDIRM,1,7,6,3,2,0,1,0,1,0,1,0,1
S2TRQ4X,0,3,1,0,1,0,1,0,1,0,1,2,1
TLKF941,0,5,6,4,3,4,2,0,1,2,1,0,1
HORVNXK,0,1,0,1,0,1,2,0,1,0,1,2,3
E3IF87A,0,9,4,2,3,4,3,1,2,0,1,2,3
NTRF3A1,0,6,5,4,1,2,3,4,0,1,2,1,2
6XCEUVX,0,7,0,1,0,1,0,1,2,3,1,0,1
BVANZPE,0,7,4,1,2,3,0,1,2,3,0,1,0
ZCZN1B3,0,1,0,1,2,1,2,0,1,0,1,0,1
AYG22H0,0,2,1,2,3,1,0,1,0,1,2,0,1
TCKPTXF,0,4,3,2,3,0,1,0,1,0,1,0,1
RQ0V5UU,0,9,4,0,1,0,1,0,1,0,1,0,1
2CEJQAJ,0,0,1,2,3,1,0,1,0,1,2,1,0
0VBI6CP,0,8,4,5,0,1,2,0,1,0,1,2,0
0UEL6AR,0,5,6,4,1,0,1,0,1,0,1,0,1
Y0BJLOG,0,8,4,3,2,0,1,2,3,0,1,2,3
8WGFLN8,0,2,0,1,2,1,2,1,2,0,1,0,1
VYS0TRN,0,8,0,1,2,0,1,2,1,2,0,1,0
NRHW38Q,1,4,0,1,2,0,1,0,1,0,1,2,3
DT61GGJ,0,2,0,1,2,0,1,2,0,1,0,1,0
WPD7M8G,0,5,2,0,1,0,1,0,1,0,1,0,1
KZN110Z,0,0,1,0,1,0,1,2,3,4,3,1,0
Q0ZE4IT,0,4,5,4,2,3,2,0,1,0,1,0,1
QPOZ5M2,0,0,1,2,3,4,3,1,2,0,1,2,0
T3N1NQJ,0,1,0,1,0,1,0,1,0,1,2,3,1
RW9T67E,0,3,0,1,2,0,1,0,1,0,1,2,0
FL4Y7PC,0,2,0,1,2,3,4,2,3,0,1,2,1
RMJ5YUB,0,9,6,5,6,4,1,2,1,2,0,1,0
1R1408Q,1,4,2,3,1,2,1,0,1,0,1,2,1
6VMJQSI,0,5,4,2,1,2,1,2,1,0,1,2,1
DQ7SIP3,0,1,0,1,2,3,1,2,3,1,2,0,1
2ICKAXN,0,5,4,0,1,0,1,2,3,2,1,0,1
MQJSNNB,0,0,1,2,0,1,0,1,0,1,0,1,0
PJKD2YS,1,9,8,2,3,1,0,1,0,1,2,3,1
S0HLF5L,0,6,2,1,2,0,1,0,1,2,3,0,1
LTQXC2F,0,4,3,2,3,1,2,1,2,0,1,2,1
WLTLOY5,0,8,6,2,1,2,3,1,2,0,1,2,1
YHZ73UP,1,3,2,0,1,0,1,0,1,0,1,0,1
7Q8866O,0,0,1,0,1,2,1,2,0,1,0,1,2
7WUS2Q2,0,3,1,0,1,0,1,0,1,2,1,2,0
705TTV9,0,1,0,1,0,1,0,1,0,1,2,0,1
LXC5YXY,0,0,1,2,1,0,1,2,0,1,2,3,0
M00X57T,0,8,1,0,1,2,3,2,3,4,5,0,1
09W64XM,0,1,0,1,2,1,0,1,0,1,2,0,1
BDSPPCR,0,8,0,1,2,0,1,2,1,0,1,0,1
7E4U5GR,0,5,6,2,1,2,0,1,0,1,2,3,0
EENGPSQ,0,6,1,0,1,0,1,0,1,0,1,2,3
TRW77Y3,0,8,7,3,0,1,2,1,2,3,0,1,2
WQBRFUS,0,1,0,1,0,1,0,1,2,3,2,3,2
DWTLNP9,1,8,6,7,6,7,1,0,1,0,1,0,1
G4RMIYT,0,8,5,2,3,4,2,3,0,1,2,0,1
ZNMC9CP,0,8,9,1,2,3,2,1,0,1,0,1,0
RRN8C1G,0,1,0,1,2,3,4,0,1,2,3,0,1
CP5TWV6,0,0,1,2,3,1,2,3,4,2,3,2,0
PFIX3IC,0,2,3,0,1,0,1,0,1,2,0,1,2
3RL9RX8,0,8,6,0,1,0,1,2,3,1,2,0,1
601VW2T,0,3,0,1,0,1,0,1,2,1,2,1,2
3IXIKML,0,3,4,1,2,1,0,1,0,1,2,0,1
6YS0TP9,0,7,3,4,2,1,0,1,2,0,1,2,1
OC9D3W9,0,7,5,2,1,2,3,4,2,0,1,0,1
ZPUUWFQ,0,7,3,1,2,3,2,0,1,2,0,1,0
D8MFTCE,1,9,8,6,2,3,0,1,0,1,2,1,2
IW9MU6F,1,7,1,2,3,0,1,0,1,0,1,2,0
4A5EQKQ,0,5,4,0,1,0,1,2,0,1,2,0,1
6UNI4LV,0,2,0,1,2,1,0,1,0,1,0,1,0
5TKV39P,0,1,0,1,2,0,1,0,1,2,3,4,5
KAM69BV,0,3,1,2,3,1,0,1,2,3,2,3,0
5Z4W0B1,0,0,1,0,1,0,1,0,1,0,1,2,1
BD82KYV,0,6,1,0,1,2,3,1,2,1,2,0,1
LSZKSON,0,2,0,1,0,1,0,1,2,3,2,1,0
GNDS7PP,0,1,0,1,0,1,2,1,0,1,0,1,2
CWLCLZ6,0,2,1,2,3,4,2,1,0,1,2,0,1
HADMZ2F,0,0,1,0,1,2,1,2,0,1,2,0,1
J5PX980,0,7,3,4,3,2,1,0,1,0,1,2,1
MUZUWQN,1,3,0,1,0,1,0,1,2,3,1,2,1
XXQT0ES,1,0,1,0,1,0,1,0,1,2,1,2,1
9KVL1QY,0,5,0,1,0,1,0,1,0,1,2,3,4
0T9D46N,0,4,5,1,0,1,2,3,2,0,1,2,0
QLPTPT2,0,1,2,3,2,3,0,1,0,1,2,0,1
0YVNAT1,0,3,4,0,1,2,1,2,1,0,1,2,3
0LLLKSN,0,5,2,0,1,0,1,0,1,2,3,1,0
4K272OD,0,5,3,4,3,1,2,3,2,3,0,1,2
0EC9T8N,0,6,0,1,0,1,2,1,2,1,0,1,0
3HH6ME1,0,4,0,1,0,1,0,1,0,1,2,3,2
OCN33A2,0,2,0,1,2,3,1,2,0,1,0,1,2
BLAGVZI,0,7,4,0,1,0,1,0,1,2,3,2,0
5D1P1UB,0,7,6,0,1,0,1,2,3,1,0,1,2
3SJZZKZ,0,5,2,3,4,0,1,0,1,0,1,2,0
63DGE1L,1,9,8,9,5,2,3,1,2,1,0,1,0
HB96F0S,0,8,6,2,1,2,1,2,3,2,3,4,5
RS4VXC2,0,2,0,1,0,1,2,1,0,1,2,0,1
7G5H8UF,1,1,0,1,2,0,1,2,3,1,0,1,0
8R5XM59,0,0,1,0,1,0,1,2,1,2,3,2,3
L97ANK3,0,1,2,3,2,0,1,2,3,0,1,0,1
T4A6KDT,1,7,0,1,0,1,0,1,0,1,2,1,0
QQQ9ZGF,0,2,3,4,2,0,1,0,1,0,1,2,3
F5DORO8,0,5,0,1,2,3,1,0,1,0,1,0,1
8CC1LKV,0,1,0,1,2,0,1,0,1,0,1,2,3
QY752ZL,1,6,5,2,1,0,1,2,3,4,5,6,1
R9KHWCA,0,4,0,1,2,1,2,3,0,1,0,1,0
WXKJCSJ,0,8,1,0,1,2,3,0,1,2,3,1,2
CHIXG0X,0,6,4,0,1,2,1,2,1,0,1,2,0
L87L6F7,0,7,4,0,1,0,1,0,1,0,1,2,3
20CFRL3,0,0,1,2,1,0,1,2,1,2,0,1,2
5XVYM1R,0,5,4,3,1,2,3,0,1,0,1,0,1
AR2HCTD,0,9,7,5,4,2,0,1,0,1,2,0,1
4TKRGG1,0,7,2,3,1,2,0,1,2,0,1,0,1
EHHZNEH,0,1,2,3,0,1,2,0,1,2,0,1,2
F14SQBC,0,9,3,1,0,1,0,1,0,1,0,1,0
KOG19W3,0,9,7,0,1,2,0,1,2,1,2,3,2
DUSKGNI,0,0,1,2,3,2,3,4,1,2,0,1,2
Q7NGE5R,0,6,7,4,3,0,1,2,0,1,0,1,2
3UZAT7J,1,2,0,1,0,1,0,1,2,3,0,1,2
F1486SO,0,5,3,0,1,2,0,1,0,1,0,1,2
CLQ9C55,0,3,4,2,3,4,5,2,0,1,0,1,2
XOF1NOE,0,4,0,1,0,1,2,1,2,1,2,1,2
N6RZXEU,0,9,1,0,1,2,3,4,5,2,3,1,0
O3NT8KL,1,0,1,0,1,0,1,2,0,1,0,1,0
8F3NISP,0,1,2,1,0,1,0,1,0,1,0,1,0
HW2U1E6,0,7,8,1,0,1,0,1,0,1,2,3,1
06UQPQM,0,8,0,1,2,3,4,5,1,0,1,2,3
SGL5R37,0,5,3,0,1,0,1,2,0,1,0,1,2
4LXZJ4U,0,6,3,4,2,0,1,0,1,2,3,4,1
6ISNH32,0,2,3,4,1,2,0,1,2,0,1,0,1
PJRXQAZ,0,5,0,1,2,1,2,0,1,0,1,2,0
SYBU606,1,4,3,0,1,2,3,1,0,1,2,3,1
ITPS1XH,1,9,0,1,0,1,2,0,1,2,0,1,0
NMXLKNC,0,8,5,6,3,2,3,0,1,0,1,0,1
JMC2KUW,0,5,2,1,0,1,2,1,2,1,2,3,0
JMWQMZX,0,8,4,2,3,2,3,4,3,1,2,0,1
98WDQ41,0,3,4,2,3,4,2,3,2,0,1,0,1
C3L49EU,0,3,1,2,1,0,1,2,1,2,3,1,0
Y4G4KQ3,1,6,3,1,0,1,2,0,1,0,1,2,1
Y0HR746,0,8,6,7,0,1,0,1,0,1,2,1,2
BWM1FGS,0,7,5,3,2,1,0,1,0,1,0,1,2
JMJZYR7,0,3,4,1,2,0,1,0,1,0,1,0,1
0E9171W,0,8,5,3,0,1,2,1,0,1,2,3,1
E4M54H3,0,9,0,1,0,1,2,1,0,1,2,3,0
2OGR1GH,0,1,0,1,0,1,0,1,2,1,2,3,0
LNSAUME,0,3,1,0,1,0,1,2,3,0,1,2,3
AAEMRT2,0,2,1,0,1,0,1,2,1,0,1,2,3
ELL9EVI,0,9,7,1,2,1,0,1,0,1,2,0,1
DY2GDJH,0,2,3,4,0,1,0,1,0,1,0,1,0
JONELDK,0,0,1,2,3,2,1,2,1,2,1,2,1
TLCAZOC,0,2,0,1,2,0,1,2,1,0,1,0,1
E1O4X6P,0,5,1,0,1,2,3,0,1,0,1,2,0
75FARDU,0,9,10,11,3,2,0,1,2,0,1,2,3
8J9NROM,1,3,0,1,2,1,0,1,2,1,0,1,2
XCME0D2,0,2,1,0,1,0,1,2,1,2,3,2,3
G8W3NEG,0,8,4,5,2,0,1,2,1,2,1,2,3
KP5ZSLV,0,2,3,0,1,0,1,2,1,2,3,0,1
653ZVH9,0,5,2,1,0,1,2,1,0,1,2,3,0
QKDATGV,0,6,7,4,3,4,1,2,3,1,0,1,2
ZIAS4BK,0,6,5,3,2,1,2,1,2,3,2,0,1
5GAMHE5,0,0,1,2,3,2,0,1,2,0,1,2,1
RFG2E9M,0,0,1,2,0,1,2,0,1,2,1,2,0
XGK3B05,0,9,7,6,3,1,0,1,0,1,2,3,4
GE5C8UM,0,3,2,0,1,0,1,0,1,0,1,2,0
09S1GPN,0,4,2,0,1,2,3,2,1,0,1,2,0
Y5WHWFI,0,7,3,2,1,0,1,2,0,1,2,0,1
QOHUWCK,0,4,5,0,1,0,1,0,1,2,1,2,0
CAJ5RAX,1,1,2,3,1,0,1,2,1,0,1,2,3
LWUEK6F,0,8,4,0,1,0,1,0,1,2,3,4,1
6W7V4U3,0,1,0,1,2,0,1,2,1,0,1,2,1
OMH09OQ,0,8,2,1,2,3,4,1,2,0,1,0,1
GFJHQ6X,0,0,1,2,0,1,2,3,4,3,2,3,4
LDEZ5AR,1,5,1,2,3,1,0,1,2,3,1,2,0
KJAQ7O1,1,3,0,1,0,1,0,1,2,0,1,0,1
3CPWS6L,1,6,1,0,1,0,1,2,0,1,2,3,4
XR10WFU,0,9,2,3,2,1,0,1,2,0,1,2,0
JQQHOQI,0,8,6,4,1,2,1,0,1,0,1,0,1
8DRE1ML,0,9,3,4,1,0,1,0,1,0,1,2,1
QN800LM,0,6,2,3,0,1,0,1,2,3,0,1,0
QDD1DP6,0,7,8,1,0,1,2,1,0,1,0,1,0
86HGGKS,0,3,0,1,0,1,2,0,1,0,1,0,1
WYEU8EW,0,1,0,1,2,3,4,3,1,2,0,1,0
P8M0SQK,0,8,2,0,1,0,1,2,3,2,0,1,0
KHPBHBF,0,6,2,1,0,1,0,1,0,1,2,1,0
2LQCNEN,0,6,5,3,2,3,4,1,2,0,1,2,0
GS8ICPF,0,6,4,1,0,1,2,3,1,0,1,0,1
GUMFRXA,0,3,4,0,1,0,1,0,1,0,1,0,1
CMBZMU7,0,3,2,0,1,0,1,0,1,2,0,1,0
BP33JOI,0,2,1,2,1,0,1,2,1,0,1,0,1
TOUNTDN,0,9,6,0,1,0,1,0,1,0,1,2,3
FJS0CDE,0,6,7,1,2,3,0,1,0,1,0,1,0
IMZIM5X,0,1,0,1,2,3,1,0,1,2,0,1,2
IO2ZSX2,0,2,0,1,0,1,2,1,0,1,0,1,2
0T2HM20,0,0,1,2,1,2,3,4,3,0,1,0,1
TOZAUJ1,0,7,4,2,3,0,1,2,0,1,2,1,2
YDEND9K,0,2,0,1,0,1,2,0,1,0,1,0,1
SII0MU3,1,5,2,1,0,1,0,1,0,1,0,1,2
V0F9RFQ,0,6,1,2,0,1,0,1,0,1,0,1,0
LW8EH32,0,0,1,2,3,2,0,1,2,3,4,2,1
OQ4PA2O,0,7,6,4,2,3,4,1,0,1,0,1,0
RHER2GO,0,1,0,1,2,1,2,1,0,1,0,1,2
2YI46HE,0,9,1,2,3,0,1,2,1,2,3,2,3
QA8B8GQ,1,4,3,0,1,0,1,2,0,1,0,1,0
HESCDSV,0,7,2,0,1,2,0,1,0,1,2,1,0
CWT8GIB,0,9,0,1,2,1,0,1,2,0,1,2,0
6355MPE,0,6,1,0,1,2,3,2,1,0,1,2,0
EWG9IT0,0,9,7,3,2,0,1,2,3,4,2,3,4
EB4F9YO,0,0,1,2,0,1,0,1,0,1,2,1,2
S3W8UVO,0,5,0,1,0,1,0,1,0,1,0,1,2
BYKCBKJ,0,1,2,0,1,2,3,1,0,1,2,1,2
S99LUOA,0,4,0,1,2,1,0,1,2,3,2,0,1
UYCWTOF,0,8,7,3,1,2,0,1,0,1,2,3,0
M2CTXC8,0,6,5,4,5,0,1,2,1,0,1,0,1
CX6J33J,0,6,3,2,1,2,3,4,1,2,1,0,1
J3I5Q9T,0,2,3,0,1,2,0,1,2,0,1,0,1
RH5D4PJ,0,6,1,0,1,2,1,0,1,2,3,2,3
ARHTI1H,0,4,1,2,3,0,1,2,3,4,2,0,1
PBU6IZJ,0,6,0,1,2,3,4,2,3,2,0,1,0
Y40FT4L,0,8,5,6,0,1,2,3,2,1,2,3,2
TTRFZIC,0,1,0,1,2,1,2,3,0,1,2,3,0
QZVYS3L,0,8,3,4,3,4,2,3,4,5,6,5,1
97NMXE0,0,7,8,3,2,3,4,5,0,1,0,1,2
7B6S9T0,0,7,0,1,2,0,1,2,0,1,2,3,0
K13CN0S,0,4,0,1,2,1,0,1,2,0,1,0,1
ZFPSFVA,1,6,5,3,0,1,2,1,0,1,0,1,0
0JWZ3I4,0,6,1,2,1,2,0,1,0,1,2,1,0
66YFSPU,0,1,0,1,2,3,1,0,1,2,1,2,3
9WTJB8P,0,6,0,1,2,1,2,1,0,1,2,0,1
5YEYOHS,0,1,2,3,0,1,2,0,1,0,1,0,1
4UV0XKI,0,9,4,1,2,3,0,1,2,1,0,1,2
4K1LDNC,0,3,2,0,1,0,1,0,1,2,0,1,2
GZVIGO7,0,9,8,9,2,0,1,0,1,0,1,2,1
5B3XWMQ,0,4,0,1,0,1,0,1,0,1,0,1,0
DS4S9D9,0,6,3,2,1,2,1,0,1,2,3,1,0
S2AULB7,0,7,0,1,2,0,1,2,3,4,2,3,1
DVQTP9C,0,2,3,1,0,1,0,1,0,1,0,1,2
9JYKX8M,0,9,10,11,10,4,0,1,0,1,0,1,2
E0XDCD6,0,7,2,1,2,0,1,0,1,0,1,2,0
HGM235X,0,0,1,2,1,0,1,2,0,1,0,1,2
26FOFLG,0,2,3,1,0,1,2,3,0,1,2,0,1
N5EOZ2L,0,9,0,1,0,1,2,0,1,2,1,2,3
8SH9M2G,0,3,1,0,1,2,0,1,2,1,2,1,2
CQHQG68,0,3,1,2,1,0,1,2,0,1,0,1,0
6OOYVJX,1,9,4,5,3,4,0,1,0,1,0,1,0
WSCV3ND,0,7,8,2,3,0,1,0,1,0,1,2,1
QWTIYZ6,0,9,10,11,7,1,0,1,0,1,2,0,1
3X8X9TC,0,6,1,2,1,2,3,0,1,2,3,2,3
I693H2M,0,4,0,1,0,1,0,1,2,1,0,1,0
7LGST2F,0,0,1,2,0,1,2,3,1,0,1,0,1
QRYKPGH,0,0,1,2,3,1,0,1,0,1,0,1,2
WKWEM9Y,0,1,0,1,2,3,4,1,0,1,2,1,2
FJB2BX7,0,5,2,1,0,1,2,1,2,0,1,0,1
OMWX667,0,0,1,2,0,1,0,1,0,1,2,1,0
YO4M3BC,0,7,3,2,0,1,0,1,0,1,0,1,0
X8GW9GI,0,5,3,0,1,0,1,0,1,2,1,2,0
TMHTFH4,0,7,8,3,2,1,0,1,2,0,1,2,1
9OWQBS6,0,9,4,1,0,1,0,1,2,3,4,2,0
34BSKL2,0,2,1,2,0,1,0,1,0,1,0,1,2
WBUL625,0,3,1,2,0,1,0,1,0,1,0,1,0
IQJTRFQ,0,5,2,1,0,1,2,1,2,3,1,2,3
O2AR2M0,0,3,2,1,0,1,2,1,2,1,0,1,0
JLQ6DF7,1,9,4,5,2,1,0,1,2,0,1,2,0
RL1RQEA,0,1,2,1,2,0,1,0,1,0,1,2,3
74K8O4X,0,2,0,1,2,3,4,3,1,0,1,2,0
H7PESEW,0,1,0,1,2,0,1,2,0,1,0,1,2
YICFOGF,0,4,5,6,7,6,2,0,1,2,0,1,0
2SYKBVW,0,2,0,1,2,1,0,1,2,0,1,2,0
R0V92EH,1,2,0,1,2,0,1,0,1,0,1,0,1
C4WU171,0,4,1,0,1,2,0,1,0,1,0,1,2
J2GP9CK,0,1,0,1,2,3,0,1,2,1,2,0,1
0WU29RP,0,4,3,0,1,2,3,1,2,3,1,2,0
2SCJRBB,0,9,10,1,2,1,0,1,0,1,2,1,0
N8WJ8X1,0,7,1,2,3,1,2,0,1,0,1,2,1
YCVGMHL,1,2,1,0,1,0,1,2,1,0,1,0,1
WC972IN,0,8,6,5,1,0,1,2,1,0,1,2,0
8EG0QSV,0,0,1,2,0,1,0,1,0,1,0,1,0
CO47TAH,0,1,0,1,2,1,0,1,0,1,2,0,1
9TICJAP,0,3,4,2,0,1,0,1,2,0,1,0,1
Z56YTXH,0,5,1,2,3,4,5,4,1,0,1,2,3
SK9N96V,0,5,4,1,0,1,0,1,0,1,0,1,2
10MO8Q8,0,8,7,3,2,1,2,1,2,0,1,0,1
JL2RZG5,0,8,5,4,1,2,0,1,0,1,2,0,1
J0DPA0N,0,3,0,1,2,3,4,1,2,3,4,5,3
QORX4RM,0,8,7,6,1,0,1,0,1,2,3,0,1
PKOR2T3,0,8,1,2,3,1,2,0,1,2,3,2,0
VWWZ6DN,0,9,0,1,2,0,1,0,1,2,3,1,0
6UTD6QZ,0,7,1,2,3,0,1,2,0,1,2,0,1
SWI1K8I,0,8,7,2,3,0,1,0,1,2,3,1,2
ZH4KAGQ,0,0,1,0,1,2,0,1,2,1,0,1,0
81PSA1U,0,9,10,6,5,2,0,1,2,3,1,2,0
K42J90Z,0,0,1,0,1,0,1,2,1,0,1,2,1
K7S7ZAH,0,9,0,1,0,1,2,0,1,2,0,1,2
80NMN06,0,1,0,1,2,3,1,2,1,2,3,0,1
X28W307,0,2,3,0,1,2,1,2,1,2,1,2,0
9QILZQ3,0,0,1,0,1,2,3,4,0,1,0,1,0
DSDN6WE,0,1,0,1,2,1,0,1,0,1,2,3,2
DGLSZ12,0,8,9,1,0,1,2,0,1,2,1,0,1
8HCGX4C,0,2,3,0,1,0,1,0,1,0,1,0,1
MH4H4H6,1,4,3,2,3,0,1,0,1,2,3,0,1
RNIG7CB,0,5,0,1,0,1,0,1,0,1,2,1,2
BL3HAF2,0,7,4,2,3,4,5,2,1,0,1,0,1
S2GYLVH,0,3,0,1,0,1,0,1,0,1,0,1,0
DIOIRM8,1,1,2,1,2,3,4,5,2,3,0,1,0
ZDLV15P,0,7,4,5,1,2,1,0,1,0,1,2,1
SCCHWX9,0,1,2,0,1,0,1,0,1,2,1,0,1
O5Z6KS7,0,6,3,4,1,2,0,1,0,1,0,1,0
LA4BOKL,0,9,6,2,0,1,2,3,2,0,1,0,1
A2J9RKJ,0,5,3,2,0,1,2,1,0,1,0,1,2
MR7Z1PG,1,5,3,2,1,0,1,2,3,4,3,4,0
5X5MOO4,1,4,5,1,2,3,2,0,1,2,0,1,0
C7W7WEJ,0,3,4,3,0,1,2,3,4,0,1,0,1
OMV64IL,0,4,5,4,3,0,1,0,1,2,3,2,1
O4RYYTH,0,5,0,1,2,3,2,3,0,1,2,0,1
H618KYO,0,8,0,1,0,1,2,3,2,0,1,0,1
WDUGE8G,0,5,3,4,0,1,0,1,2,1,2,0,1
3Z44WON,1,1,0,1,2,0,1,2,1,0,1,2,0
EPLPNY4,0,1,0,1,0,1,0,1,2,0,1,0,1
WYLBEP0,0,3,0,1,0,1,2,3,0,1,2,1,2
OFLGR2K,0,2,3,2,0,1,2,0,1,2,0,1,0
IFYPCZM,0,2,1,0,1,0,1,0,1,2,3,0,1
2SUX3TS,0,2,3,1,2,1,2,3,4,1,2,0,1
Q4LJLUN,0,7,6,3,2,3,2,3,1,0,1,2,0
QNOXNYV,0,9,4,0,1,0,1,2,1,0,1,0,1
A8R8AGK,0,1,2,0,1,2,0,1,2,3,2,1,0
ZZAOTO2,1,6,5,3,4,3,4,2,1,0,1,2,1
RSOIPTX,0,4,0,1,0,1,0,1,0,1,0,1,2
KRI2A3Z,0,8,5,2,1,2,1,2,0,1,2,0,1
T6UZKQH,0,0,1,2,0,1,0,1,0,1,2,3,0
5VX0H4T,0,7,1,2,0,1,0,1,0,1,0,1,2
ZWYNB7L,0,6,1,2,3,0,1,2,3,1,0,1,0
8YKXCD4,0,3,1,2,0,1,0,1,0,1,0,1,2
F4F14X3,0,5,3,0,1,0,1,2,1,2,1,0,1
KKB66AC,0,8,1,0,1,0,1,0,1,0,1,2,1
S35EM5B,0,7,0,1,0,1,2,3,0,1,2,0,1
OM3WKDP,0,8,1,2,1,0,1,0,1,2,1,2,3
UNJ6RUF,0,4,1,0,1,2,1,2,1,0,1,0,1
KJWT06F,0,4,2,1,0,1,2,1,2,1,0,1,0
I525A2N,0,3,1,0,1,2,0,1,2,3,2,3,4
RNW275L,0,2,3,4,0,1,0,1,0,1,0,1,0
X2HU7G0,0,0,1,2,1,2,3,2,3,2,3,0,1
QCWRXZD,0,4,5,6,4,0,1,0,1,2,1,0,1
67DKUV1,0,6,0,1,0,1,0,1,2,1,2,1,0
7XCCT19,0,2,0,1,2,0,1,2,3,1,2,3,4
72ZL7JU,0,1,2,1,2,0,1,2,1,0,1,0,1
MZSRUUV,0,4,1,2,3,0,1,2,3,1,2,1,0
8V3OR1H,0,6,1,2,1,2,0,1,2,1,2,3,1
VAJUK39,0,4,5,4,1,2,1,0,1,2,3,2,0
30PHTUE,0,9,8,9,1,0,1,2,0,1,0,1,0
DGMPJBU,0,9,5,6,4,5,3,2,0,1,2,3,0
CEF286O,0,6,1,2,3,4,0,1,2,3,2,1,2
HRH93BI,0,7,1,0,1,2,0,1,0,1,2,3,2
MT3SCOP,0,8,5,6,2,1,0,1,2,0,1,0,1
VAA90ZZ,0,1,2,0,1,2,0,1,0,1,2,0,1
LMQ3ZIF,0,2,3,1,0,1,2,0,1,2,1,2,0
H9SIOSJ,0,8,4,1,2,0,1,0,1,0,1,2,1
3HWIDG5,0,2,1,2,1,2,3,2,0,1,2,0,1
59XV9PE,0,3,4,1,0,1,2,1,0,1,2,1,2
7N705KY,0,1,2,0,1,2,3,4,2,3,1,2,1
TT4LZCU,0,2,0,1,0,1,2,1,2,1,2,1,0
HXMLCAX,0,7,1,2,0,1,2,1,2,0,1,0,1
YK8OYK0,0,7,5,4,3,2,3,4,5,3,0,1,0
6TLDV3U,0,8,9,2,0,1,0,1,0,1,0,1,2
1BVTSAD,0,9,4,3,1,2,1,2,1,0,1,2,1
OWI0KC0,0,0,1,0,1,0,1,0,1,2,0,1,0
6NRR4KA,0,9,7,3,0,1,2,1,2,1,2,3,0
YVZBGL2,0,3,0,1,0,1,0,1,0,1,2,1,2
BE9D9RX,0,7,2,0,1,0,1,0,1,2,3,4,2
MC2XMDM,0,9,7,4,0,1,0,1,2,1,2,0,1
8AKLT5Z,0,2,1,2,0,1,2,3,2,3,1,0,1
GFXFBXV,0,0,1,0,1,2,1,0,1,2,0,1,2
XTLELYS,0,8,6,2,1,0,1,0,1,2,1,0,1
INHENLD,0,1,2,0,1,0,1,0,1,0,1,2,1
DR9OH47,0,9,5,1,0,1,2,0,1,0,1,0,1
I3H5B7H,0,7,5,2,0,1,2,3,4,3,2,1,2
H6W6SW5,0,2,1,0,1,2,3,0,1,2,1,2,0
FPHBB6U,0,1,0,1,0,1,2,3,1,0,1,2,1
G5EHH1Z,1,8,2,1,2,0,1,2,1,0,1,2,3
QSHWAYN,0,4,2,0,1,0,1,2,1,2,3,0,1
DQUAYEL,0,9,1,2,3,1,0,1,0,1,2,0,1
NH440CQ,1,2,3,0,1,0,1,0,1,2,3,1,2
QWOLFH7,1,5,3,2,0,1,2,0,1,2,1,2,3
CZU4U80,0,4,3,0,1,0,1,0,1,2,0,1,2
GFWMDWO,1,9,6,1,2,1,2,3,0,1,0,1,2
PIANLOL,0,2,1,2,3,2,1,0,1,0,1,0,1
IOE1S2B,0,9,2,3,1,0,1,2,3,1,0,1,2
A6CXB02,0,2,3,2,3,0,1,2,0,1,2,1,0
0JL7C1V,0,6,1,2,1,2,1,0,1,0,1,2,0
OXQDCHT,0,2,0,1,2,3,0,1,2,3,1,0,1
XSNV7QU,0,0,1,0,1,0,1,2,3,1,2,3,2
9BP7RLF,0,0,1,2,3,0,1,0,1,0,1,0,1
VLNIP5U,0,5,0,1,0,1,2,3,2,3,2,3,4
0215O8R,0,3,4,3,2,0,1,2,1,2,1,0,1
BMPO9U3,0,3,2,1,2,1,2,1,0,1,2,0,1
YZ4TJ74,0,6,1,0,1,0,1,2,0,1,2,3,1
5COKKJK,0,1,2,1,2,1,2,1,0,1,0,1,2
RTXSW07,0,5,4,5,0,1,0,1,0,1,0,1,2
EE5526K,0,6,3,2,1,2,1,2,3,2,1,0,1
ILQEMLO,0,5,1,0,1,2,1,2,1,2,1,0,1
5BQFONQ,0,3,2,0,1,0,1,2,3,0,1,2,0
2RWBY19,0,1,0,1,0,1,2,0,1,0,1,0,1
26TOJ7I,0,1,2,1,0,1,2,3,4,2,1,2,3
990EC6G,0,3,0,1,0,1,2,1,0,1,0,1,2
DT5U8TE,0,8,2,1,0,1,2,1,0,1,2,3,1
74GVXTT,0,1,0,1,2,1,0,1,2,3,4,1,0
ZQDDG7T,1,5,0,1,0,1,2,1,2,1,0,1,2
PBK1LSU,0,7,2,0,1,2,0,1,0,1,2,0,1
ZQQ84JH,0,7,6,5,1,0,1,2,3,2,1,2,3
RE69219,0,9,6,2,0,1,0,1,0,1,0,1,2
P0DEG2Y,0,6,5,1,2,0,1,2,1,0,1,2,0
OZ6ZI5I,0,7,6,1,0,1,2,0,1,2,0,1,0
BUDC8DF,0,0,1,2,0,1,2,0,1,2,0,1,2
OS4S70B,0,1,0,1,2,3,4,1,0,1,0,1,0
SPH0NRJ,0,4,2,0,1,0,1,0,1,0,1,0,1
J6WKRTL,0,8,5,2,0,1,0,1,0,1,0,1,2
Z7E61EF,0,6,0,1,0,1,0,1,0,1,0,1,0
RE3DNB9,1,7,6,2,0,1,0,1,0,1,0,1,2
PFCRR3M,0,5,2,3,4,1,0,1,0,1,0,1,0
CX3HD36,0,0,1,2,1,2,1,2,0,1,0,1,0
NYYSWAN,0,0,1,0,1,2,3,1,2,3,2,0,1
QZZU1CG,0,6,3,0,1,0,1,2,3,0,1,0,1
RSUGTXO,0,7,6,4,1,0,1,0,1,0,1,2,0
LMAMN0B,0,4,0,1,2,1,2,1,2,0,1,2,0
DCRS9FR,1,2,3,0,1,2,1,2,3,2,3,2,1
ZUZFVUW,0,8,3,0,1,2,3,4,3,0,1,2,1
24X6S5Y,0,5,6,7,2,0,1,2,1,0,1,0,1
F1WDTDO,1,9,7,1,0,1,2,1,0,1,0,1,0
YXEKMVB,0,2,3,4,5,6,4,0,1,0,1,0,1
L3H429T,1,5,1,0,1,2,1,2,1,2,1,2,0
T3DNRX8,0,0,1,2,1,0,1,2,0,1,0,1,2
9KXI2WJ,0,9,6,7,1,2,0,1,2,0,1,0,1
H388OD2,0,2,0,1,2,3,2,1,2,0,1,2,1
TYBVTBS,0,6,3,4,0,1,2,0,1,2,3,4,5
E7DIPVN,0,3,0,1,2,1,2,1,0,1,0,1,2
8KXICII,0,6,0,1,0,1,0,1,0,1,0,1,2
FWISK5G,0,2,3,1,2,1,0,1,0,1,2,0,1
9Q28U0D,1,8,5,6,1,2,1,2,1,2,1,0,1
PWGJOAM,0,3,1,2,1,2,3,2,3,4,2,0,1
WVRPW6G,1,9,10,0,1,2,1,0,1,0,1,2,1
QJ16FKK,0,4,1,0,1,2,1,2,0,1,2,1,0
6WCOLU4,0,2,1,2,1,0,1,0,1,0,1,2,0
USCCGH3,0,1,2,3,2,0,1,0,1,2,0,1,0
1K44YZZ,0,0,1,2,0,1,2,1,2,1,0,1,0
4XIY4ED,0,8,6,0,1,2,3,2,3,4,3,4,3
FI7PGB9,0,6,5,3,4,0,1,0,1,2,1,2,1
PKPX10Y,0,8,2,0,1,0,1,0,1,0,1,2,3
VL63KAA,0,8,1,2,0,1,0,1,2,0,1,0,1
XK2U1CA,0,2,1,2,0,1,2,1,2,3,1,0,1
2LQF7SF,0,2,0,1,0,1,0,1,2,0,1,0,1
19X9TYN,0,6,5,3,1,0,1,2,0,1,2,1,0
DQ6UMMZ,0,6,4,3,2,0,1,2,3,1,0,1,2
HNL8Q7W,0,0,1,0,1,2,3,0,1,2,3,1,2
D9DVU2L,1,8,6,4,5,2,0,1,2,3,1,2,3
YBKIQRP,0,5,4,3,0,1,2,0,1,0,1,0,1
FFBMN8A,0,5,6,0,1,2,0,1,0,1,0,1,2
4SEMUOG,0,4,0,1,0,1,0,1,0,1,0,1,0
4ENLVG6,0,0,1,0,1,2,0,1,2,0,1,0,1
B1B84YU,1,2,3,1,2,0,1,0,1,2,0,1,0
7VDRRF7,0,9,0,1,2,1,2,3,2,3,2,0,1
U9Z805I,0,3,1,0,1,2,0,1,2,0,1,2,1
B3VOTW0,0,2,0,1,0,1,2,1,2,0,1,0,1
V6OH4FJ,0,6,2,3,2,3,4,0,1,0,1,0,1
I09369H,0,4,5,1,0,1,2,1,0,1,0,1,0
UQ1UPLP,0,6,4,5,4,3,4,0,1,0,1,2,0
DA2I5ZM,0,8,3,2,0,1,0,1,2,3,4,5,4
PIZ9ULB,0,6,7,3,4,3,2,0,1,0,1,2,0
IZX76UQ,0,5,2,1,2,0,1,2,1,2,0,1,2
SDHF1Z1,1,5,4,0,1,0,1,0,1,2,1,0,1
G4Q2GF6,0,9,6,0,1,2,1,0,1,0,1,0,1
TLMCII4,0,2,1,2,3,2,1,0,1,2,3,2,0
AP47AQ4,0,9,0,1,0,1,2,3,0,1,0,1,2
41WLJFT,0,2,0,1,0,1,0,1,2,3,0,1,2
P2BALTM,0,6,0,1,2,3,0,1,2,1,0,1,0
HCZGHM7,0,1,0,1,0,1,2,0,1,0,1,0,1
F182G9A,0,7,1,0,1,0,1,2,3,2,0,1,0
GIMW7OV,0,4,3,0,1,2,3,0,1,2,1,0,1
XSZ2K86,0,5,2,0,1,0,1,2,0,1,2,3,4
KK663JZ,0,0,1,0,1,2,1,0,1,2,0,1,2
SDRHLV0,0,6,7,3,2,0,1,0,1,0,1,2,1
6KN2ACJ,1,6,3,0,1,0,1,0,1,2,3,2,1
NGEHE9Z,0,4,2,0,1,0,1,0,1,2,0,1,2
KNRIBJ6,1,8,9,10,2,0,1,2,1,2,3,1,0
UUIP32G,0,9,10,2,0,1,2,0,1,2,0,1,2
9HAEIDY,0,5,2,3,0,1,2,0,1,0,1,2,1
SHHGTKV,0,4,1,2,3,0,1,0,1,0,1,2,3
F4JW8WS,0,2,1,0,1,0,1,0,1,0,1,0,1
RV6W7U9,0,2,0,1,2,1,0,1,2,3,0,1,0
9SQTNDJ,0,6,3,0,1,0,1,2,1,0,1,0,1
DMSC3WS,0,8,9,5,3,4,5,1,0,1,2,0,1
G93WZVF,0,7,1,2,1,2,1,0,1,0,1,0,1
4O4TN8B,0,8,3,2,0,1,2,1,0,1,0,1,2
PCUCV9K,1,4,0,1,0,1,2,3,0,1,2,1,0
Z04BNPS,0,4,3,4,2,3,0,1,2,0,1,2,1
R1JVBC8,0,6,3,0,1,2,1,0,1,0,1,0,1
IR161F4,0,3,4,1,0,1,2,0,1,0,1,2,1
NOQAEU0,0,8,0,1,0,1,0,1,0,1,0,1,2
N6F2ZX3,0,2,0,1,0,1,0,1,0,1,0,1,0
OW5R8C7,0,8,7,1,2,0,1,2,1,2,0,1,2
XAS5ZQU,0,5,4,2,1,0,1,0,1,2,1,2,1
G9SMBV8,0,5,3,4,1,2,0,1,2,3,1,2,0
TAUKKJA,0,8,7,8,0,1,2,1,2,3,2,3,2
2JGUWLF,0,9,8,4,1,2,1,2,1,0,1,2,3
H94LOE2,1,3,1,0,1,0,1,2,1,0,1,0,1
YYYJZ9M,0,5,4,5,2,0,1,0,1,0,1,2,3
R4O8P9T,0,4,5,1,0,1,2,3,4,0,1,0,1
WNLD27N,0,9,7,6,1,2,0,1,0,1,2,1,2
BDANVMK,0,0,1,2,3,0,1,0,1,0,1,0,1
GQ74CX2,0,1,0,1,2,1,0,1,0,1,0,1,0
7HWVTRG,1,0,1,2,1,0,1,2,3,1,2,3,0
D4NZ2NA,0,1,2,1,0,1,0,1,2,1,0,1,0
U5GMXBT,0,8,9,10,2,0,1,2,1,2,1,2,1
J36GEZG,0,6,0,1,2,1,2,3,4,2,0,1,2
PO3JULC,0,9,3,0,1,2,1,2,1,0,1,2,1
OVW8634,0,1,2,0,1,2,1,0,1,2,1,2,1
SVZL102,0,0,1,0,1,2,0,1,2,0,1,0,1
IE4CBD0,0,3,0,1,0,1,0,1,2,1,2,1,0
QCTM9SO,0,2,0,1,2,1,2,3,2,1,2,1,2
GFXSJV5,0,3,0,1,0,1,2,1,2,0,1,0,1
M5N7BK5,0,4,5,6,1,2,0,1,2,3,2,1,0
KEJEM5K,0,9,0,1,0,1,2,0,1,0,1,2,3
8P5R9E6,0,9,8,3,2,0,1,0,1,0,1,0,1
3GIS5HP,0,1,2,3,2,0,1,0,1,2,0,1,2
CPSKTTJ,0,0,1,0,1,2,3,4,3,0,1,0,1
8H88OH3,0,8,7,0,1,2,0,1,0,1,2,1,2
IT1JO3V,0,9,5,6,3,0,1,2,3,2,0,1,2
FRMA9VS,0,4,0,1,2,3,1,2,3,4,0,1,2
LTH2MLB,0,4,0,1,2,0,1,0,1,0,1,2,0
SMTSJHE,0,7,3,0,1,0,1,0,1,2,0,1,2
M1A2KPD,1,7,0,1,0,1,0,1,2,1,0,1,2
AAR9SBL,0,3,1,0,1,2,3,1,2,1,0,1,0
5LE3DX4,0,3,0,1,0,1,0,1,2,1,0,1,2
LQ5YZVK,0,1,0,1,2,0,1,2,1,0,1,0,1
AXU4TYR,1,2,3,0,1,0,1,0,1,0,1,0,1
1IGLYOT,0,2,1,2,1,2,1,2,1,2,1,0,1
WH4A9WQ,0,4,3,1,0,1,0,1,2,1,0,1,0
SP0H5EJ,0,5,1,2,3,1,2,1,2,1,2,1,2
K2G2M72,0,4,2,1,2,3,2,1,0,1,2,3,1
GGS8UQX,0,1,2,3,1,2,3,4,3,4,1,0,1
3CPGXSQ,0,9,7,6,0,1,2,0,1,2,0,1,2
CWNX19V,0,0,1,0,1,0,1,2,3,0,1,2,0
AN96P9D,0,9,4,3,2,3,2,1,2,0,1,2,3
ANM0TA4,0,4,0,1,2,0,1,2,3,2,1,2,1
7BSCIHG,0,7,3,4,2,3,4,3,0,1,2,0,1
BS5G79Q,0,8,1,2,3,4,1,0,1,2,0,1,0
1718YQ8,0,2,0,1,0,1,0,1,0,1,2,0,1
JE9MUNK,0,6,4,0,1,0,1,2,1,0,1,0,1
O319E7G,0,7,5,4,5,0,1,2,1,0,1,0,1
1O5XWDX,0,0,1,2,0,1,2,3,1,2,1,0,1
KYQ1JDH,1,0,1,2,3,0,1,0,1,0,1,0,1
389MYRH,0,1,0,1,0,1,0,1,2,3,1,2,1
K96J0JH,0,9,8,9,0,1,2,1,2,1,0,1,0
AGFTKBK,0,5,1,0,1,0,1,0,1,0,1,2,1
DHO09NX,0,2,3,2,3,4,5,6,1,2,3,2,0
2P9BDW3,0,7,6,0,1,0,1,0,1,0,1,2,0
2SRN3AA,0,6,5,2,3,4,2,0,1,2,1,2,3
FCR8DH4,0,2,3,2,0,1,0,1,0,1,0,1,0
7ZCEIMX,0,2,1,0,1,2,0,1,2,1,2,0,1
E2FQXO2,0,9,4,0,1,0,1,2,1,0,1,0,1
2DQ7W38,0,2,3,2,0,1,2,1,0,1,2,1,2
L0MZH2K,0,8,0,1,2,3,4,0,1,0,1,2,1
PNMWFW4,0,7,2,0,1,0,1,0,1,2,1,2,3
01ASZCK,0,5,0,1,0,1,0,1,0,1,2,3,0
PWBS8SN,0,2,3,0,1,2,0,1,0,1,0,1,2
3D3GJWN,0,1,2,1,2,1,2,0,1,2,3,4,0
RE72VBP,0,8,0,1,2,0,1,2,1,2,1,2,0
IO0QHZG,0,8,4,1,2,1,0,1,2,3,0,1,2
UD2OLN3,0,8,0,1,2,1,2,1,0,1,2,1,2
U6B0VIT,0,7,5,2,1,0,1,0,1,0,1,0,1
Q0A8QFJ,0,6,3,0,1,0,1,0,1,0,1,2,1
JXE5Q8P,0,6,5,1,0,1,2,1,0,1,2,0,1
KLSJ2CP,0,2,1,2,1,2,3,0,1,0,1,0,1
A99898U,0,0,1,2,0,1,2,1,2,3,1,0,1
Z5NJPYK,0,6,7,6,2,1,0,1,0,1,0,1,2
CRA3LZT,0,1,0,1,2,3,0,1,0,1,0,1,0
00LBRQY,0,4,2,0,1,0,1,0,1,2,0,1,2
ZY0U07M,0,7,1,2,3,0,1,0,1,0,1,0,1
B16TYY9,0,2,0,1,0,1,0,1,2,0,1,2,1
I4XYKRI,1,0,1,0,1,0,1,0,1,2,3,4,0
TNH7MRN,0,8,2,0,1,0,1,2,0,1,0,1,0
E2KOZEH,0,7,0,1,2,1,2,0,1,2,3,0,1
ISH9Z74,0,3,4,2,3,0,1,2,0,1,2,0,1
3S0BHWX,0,7,8,5,1,2,1,2,1,0,1,2,0
ND25LY3,0,0,1,2,3,2,0,1,0,1,2,1,0
Z1O0GUR,0,4,5,0,1,2,0,1,2,3,1,0,1
L91J1QU,0,8,1,2,3,4,1,2,1,2,0,1,0
ELCQK34,0,9,8,0,1,2,0,1,0,1,0,1,2
4AP5FNQ,0,7,2,0,1,0,1,0,1,0,1,2,3
Q5TFW4I,0,3,0,1,2,3,1,2,1,2,1,0,1
NFV4EQO,0,2,0,1,2,3,1,0,1,0,1,2,0
1BVRX6M,0,2,1,2,3,1,0,1,2,1,2,3,1
9ZI6DQ8,0,0,1,2,3,2,0,1,0,1,2,3,2
RPDG8XU,0,7,1,2,0,1,0,1,0,1,2,1,0
YDK9ENQ,1,2,1,0,1,2,3,0,1,0,1,2,3
UJR7NPE,1,4,2,3,2,1,2,0,1,2,0,1,0
YDL8I0S,0,1,0,1,2,0,1,2,3,2,1,0,1
NRZZ11W,0,3,0,1,0,1,0,1,0,1,0,1,0
Z8IDI75,0,5,1,0,1,0,1,0,1,0,1,0,1
X83Z7PZ,0,1,0,1,2,0,1,0,1,2,1,0,1
8CUKGVG,0,6,4,3,1,2,3,2,0,1,2,0,1
TMCH3BX,0,5,4,1,2,0,1,0,1,2,3,1,0
R3DZHD9,0,6,7,3,2,3,0,1,0,1,2,3,0
LGELLA2,0,9,1,0,1,0,1,2,3,0,1,2,0
ST15U58,0,2,1,0,1,2,0,1,2,3,2,1,0
NAF669S,0,2,0,1,0,1,0,1,2,1,2,3,1
305XSND,0,9,6,1,2,0,1,0,1,2,1,2,0
FYOD3E2,0,9,4,1,0,1,0,1,0,1,2,3,4
5E8PM2Y,0,6,5,3,1,2,3,0,1,0,1,2,3
BWD7LP5,0,3,0,1,2,0,1,0,1,2,0,1,0
5VWWEVT,0,0,1,2,3,0,1,2,3,0,1,0,1
5QWTMR6,0,5,6,0,1,2,3,2,0,1,0,1,0
HM68TQL,0,1,2,3,2,1,0,1,0,1,0,1,0
8P645TR,0,3,4,0,1,2,0,1,0,1,0,1,2
QKBA8KY,0,8,9,10,3,1,2,0,1,2,1,0,1
NT54P8O,0,2,1,2,1,2,1,0,1,2,3,4,5
479TJ91,0,2,0,1,0,1,2,1,0,1,2,1,0
S3FCC79,0,3,0,1,0,1,2,1,2,3,2,1,0
15ROYS5,1,2,1,0,1,2,3,2,3,4,3,1,0
18V3SJV,0,2,0,1,2,0,1,0,1,2,0,1,2
P26SY9V,0,2,0,1,0,1,2,1,0,1,0,1,0
IXWK3KS,1,9,1,0,1,2,3,1,2,3,0,1,2
K5EX3IW,0,6,7,8,7,2,1,2,3,2,1,0,1
HSZRKXK,0,7,2,3,0,1,2,1,2,3,0,1,2
BIS49KA,0,2,3,2,3,4,2,3,1,0,1,2,1
VKCAS2G,0,5,4,1,2,0,1,2,0,1,2,3,1
HX0496O,0,2,1,0,1,0,1,0,1,2,1,0,1
LKG0ME6,0,2,0,1,0,1,0,1,2,1,0,1,2
O46MOWQ,0,5,2,1,0,1,2,1,2,3,1,0,1
YNE2JNU,0,9,1,2,0,1,2,1,2,3,4,0,1
OXMXEOO,0,1,0,1,0,1,2,3,0,1,0,1,2
5QSJ9QJ,0,8,1,2,1,2,1,2,3,0,1,2,0
8MUEUT8,0,0,1,2,0,1,0,1,0,1,0,1,2
HVQ6R5D,0,2,1,0,1,2,0,1,2,3,1,0,1
L4YW4YO,0,3,0,1,0,1,2,1,2,0,1,0,1
J5EF8L6,0,3,2,3,4,5,3,2,1,0,1,2,0
W5GL0EQ,0,1,2,3,1,0,1,0,1,2,1,0,1
ZURY58P,0,7,2,0,1,2,1,2,0,1,2,1,0
D87K566,0,9,0,1,0,1,0,1,0,1,2,0,1
D4TK2LI,0,6,2,0,1,2,0,1,0,1,0,1,2
519AZ85,0,8,3,0,1,2,1,0,1,0,1,2,0
MR2VAYJ,0,2,1,2,0,1,2,0,1,2,3,1,0
JNSZ63O,0,2,1,0,1,0,1,0,1,2,1,2,1
B8YFO60,1,3,1,2,1,2,0,1,2,1,0,1,0
UC8TBN9,0,9,3,1,0,1,0,1,2,3,1,0,1
LB4VPIP,0,6,4,5,3,1,2,0,1,2,3,0,1
CJ296HX,1,3,0,1,0,1,2,1,2,1,2,3,0
V5HLSVG,1,3,0,1,2,0,1,2,3,4,0,1,2
LB5W5S6,0,3,4,3,2,3,1,2,0,1,2,0,1
H2IBPOB,0,8,6,7,8,3,2,0,1,0,1,2,3
SOLPRSR,0,4,1,0,1,2,0,1,2,3,2,1,2
YRSYOY5,0,8,4,2,0,1,0,1,0,1,0,1,2
1IKNW26,1,2,3,4,5,6,7,1,2,1,2,1,2
ZRE3U28,0,7,1,2,3,2,1,0,1,2,3,0,1
6BLYXNB,0,5,2,1,2,0,1,0,1,0,1,2,1
Y5XCBHS,0,5,0,1,2,3,1,2,1,0,1,0,1
22VDGSK,0,2,3,4,2,0,1,2,0,1,0,1,2
24NIRNA,0,2,0,1,0,1,0,1,2,1,2,1,0
HFD6WMV,0,0,1,0,1,0,1,0,1,2,0,1,0
AEGU850,0,9,2,0,1,2,0,1,2,3,2,0,1
XX3VHCD,0,2,1,2,0,1,2,0,1,2,1,2,3
QSR9FB9,1,9,7,4,3,4,1,2,1,2,0,1,2
DZYAEMV,0,7,0,1,0,1,0,1,0,1,2,0,1
DELS7JU,0,2,0,1,0,1,0,1,2,0,1,2,0
8PU1LER,0,7,5,1,0,1,2,1,2,3,0,1,0
TIC7RY3,0,2,0,1,2,1,2,1,2,3,4,0,1
FNAN04O,0,4,3,1,2,3,0,1,0,1,2,1,0
3U5GDM9,0,7,0,1,0,1,0,1,0,1,0,1,2
DXTE888,0,2,1,2,1,0,1,0,1,2,1,2,0
V0J6OLB,0,8,1,2,1,2,0,1,0,1,2,3,4
TCY3KDJ,0,5,3,4,3,2,3,4,2,0,1,2,0
TMMG31G,0,8,9,7,4,0,1,2,1,0,1,0,1
ENKBE1Q,0,4,3,1,2,3,0,1,2,3,4,1,2
XNVPH8A,0,0,1,0,1,2,1,2,0,1,0,1,0
QK26G6F,0,3,1,2,1,2,0,1,2,1,0,1,2
G3PNRRE,0,9,4,2,1,2,1,0,1,0,1,2,0
OLEOGUC,1,7,6,1,2,1,0,1,0,1,0,1,0
V1VHBF9,0,5,6,7,4,3,1,0,1,2,1,2,0
AH8KM69,0,7,2,3,2,3,2,0,1,2,3,1,0
J78OQPQ,0,6,7,0,1,0,1,0,1,2,3,4,0
RCQKV6J,0,1,0,1,2,0,1,2,1,0,1,0,1
4NRXZSF,0,0,1,2,1,2,0,1,2,3,4,3,2
CQSMRL3,0,7,1,2,1,0,1,0,1,2,0,1,0
RFGQ1BJ,0,9,3,2,0,1,0,1,2,0,1,2,3
40VW16Y,0,5,1,0,1,0,1,2,0,1,2,3,2
Y8ODN46,0,3,2,0,1,2,0,1,0,1,2,1,2
GM0KET2,0,2,0,1,0,1,2,3,0,1,0,1,0
6E9S90H,1,2,3,4,2,3,1,0,1,2,0,1,0
TONOVEE,0,0,1,0,1,0,1,0,1,0,1,2,1
TV87QEX,1,0,1,0,1,2,0,1,0,1,2,1,0
99MAZY1,0,3,4,2,3,0,1,2,0,1,0,1,0
SNK2IA8,0,1,2,3,4,2,1,2,0,1,0,1,2
8AXJSA4,0,2,1,0,1,2,0,1,2,1,2,1,2
Y5JHOER,0,7,5,6,4,5,4,3,4,1,0,1,0
CK95XHH,0,6,7,2,0,1,0,1,2,1,2,1,0
J5LBIM3,0,7,8,0,1,2,3,2,3,0,1,2,3
ARD0CED,0,3,2,3,2,0,1,0,1,0,1,0,1
F4ZDLM3,0,2,0,1,0,1,0,1,2,0,1,0,1
7KU44FP,0,9,8,0,1,0,1,2,1,2,1,0,1
CMN3FJE,0,1,0,1,0,1,0,1,0,1,2,1,2
P8XT24O,1,0,1,2,0,1,2,1,0,1,0,1,0
86Q1TQ2,0,4,1,2,0,1,2,1,0,1,2,3,2
4XR2BTD,0,8,1,2,0,1,0,1,0,1,2,3,4
SZ9PU7W,0,7,6,7,6,7,6,7,6,7,0,1,0
0ADEDZE,0,0,1,0,1,2,1,2,3,2,3,4,5
FEG8EW4,0,0,1,0,1,2,0,1,0,1,0,1,2
98YKE89,0,5,2,3,0,1,2,1,0,1,2,1,2
E0FCQ59,0,7,8,4,0,1,2,1,2,0,1,2,1
DO6ZN8Q,0,4,2,1,0,1,0,1,2,1,0,1,0
AIGB2AH,0,1,2,0,1,0,1,2,3,0,1,0,1
YYYMIWA,0,0,1,0,1,2,3,2,1,0,1,2,1
B23IRW7,0,3,0,1,2,3,4,2,3,2,0,1,2
HGVE723,0,1,2,0,1,0,1,2,0,1,0,1,0
Q3TLUC7,0,5,1,0,1,2,0,1,0,1,2,0,1
8IAMDVD,0,4,0,1,2,0,1,2,0,1,0,1,2
IL190UR,0,2,1,2,3,4,0,1,2,3,0,1,2
H3Y99TX,0,2,1,2,0,1,0,1,2,1,0,1,0
FM2I13H,0,6,7,0,1,0,1,2,1,0,1,0,1
L7OIC1Q,0,6,5,0,1,0,1,0,1,0,1,2,1
VJD45EE,0,0,1,2,3,4,2,3,2,0,1,2,1
XVMNBAG,0,5,4,5,2,3,1,0,1,0,1,2,1
QYRV8K1,0,7,1,2,0,1,0,1,2,3,2,1,0
WEJKKU4,1,5,0,1,0,1,2,3,4,3,4,3,2
4BKMM6B,0,6,0,1,0,1,0,1,2,1,0,1,0
U4UHLKQ,0,5,1,0,1,2,0,1,0,1,0,1,2
LD7YHZ7,0,5,3,2,3,4,1,0,1,0,1,0,1
8UAO7C2,0,0,1,0,1,0,1,2,1,0,1,0,1
2U6AVXV,1,7,4,5,0,1,2,1,0,1,2,0,1
1F1MLE4,0,9,3,4,0,1,2,0,1,2,0,1,2
580XUBW,0,8,9,4,5,6,3,0,1,0,1,0,1
4GFPFY2,1,0,1,2,3,0,1,2,3,1,0,1,0
NKTJMJA,0,0,1,0,1,0,1,2,1,0,1,2,0
NXSXWFS,0,3,1,2,3,2,1,2,0,1,0,1,2
STLZ1WS,0,6,3,0,1,0,1,0,1,2,3,2,0
68QU8S2,0,8,4,5,2,3,0,1,0,1,0,1,0
MZCEIMJ,0,9,0,1,2,0,1,2,3,4,1,0,1
YTZORY3,0,2,0,1,0,1,2,3,2,1,2,1,0
XXQZXRO,0,7,4,0,1,2,0,1,0,1,2,0,1
1PRXABM,1,5,2,0,1,2,1,2,0,1,2,3,2
0RCNLQW,0,4,1,0,1,2,1,2,1,2,3,0,1
1K4V1KM,0,9,2,0,1,2,1,2,1,0,1,2,1
WWS3IZH,0,1,0,1,2,1,2,0,1,2,1,2,3
P1XUNNY,0,9,10,6,4,3,4,1,0,1,0,1,2
GKJM4KM,0,2,0,1,2,1,0,1,2,0,1,0,1
4QOT80Z,0,6,0,1,0,1,0,1,2,3,0,1,2
1RYJL9U,0,0,1,0,1,0,1,0,1,2,3,4,0
FJHM2G3,1,4,5,1,2,3,2,0,1,2,0,1,0
LR1HZ6P,0,1,2,0,1,2,0,1,2,1,2,0,1
170NBGH,0,4,1,0,1,2,1,2,1,2,1,0,1
9O632IB,0,9,1,2,3,2,0,1,0,1,2,3,0
1ZFEBBR,0,0,1,0,1,2,3,1,0,1,0,1,0
A7PPVU5,0,2,3,1,0,1,2,3,1,0,1,2,0
8CSX4C0,0,2,1,2,1,0,1,2,1,0,1,0,1
KAXUAQR,1,1,2,3,4,2,0,1,0,1,0,1,2
CQGJ9VS,0,5,0,1,0,1,2,0,1,2,3,1,2
CXUWI43,0,4,5,6,3,2,3,1,2,0,1,2,3
29GGKKK,0,7,3,0,1,2,1,0,1,2,0,1,0
V9SQJJY,0,1,2,3,0,1,2,0,1,2,0,1,2
FLJST52,0,6,4,5,0,1,0,1,2,3,0,1,2
EUKZTZJ,0,7,8,7,4,3,0,1,0,1,0,1,2
D14WDET,1,1,0,1,2,3,1,2,0,1,0,1,0
WTJ9QKE,0,8,2,0,1,0,1,2,3,4,2,1,2
8N2LWTI,0,9,8,4,5,3,0,1,2,3,0,1,2
TMRJ9AA,0,8,4,0,1,0,1,0,1,2,0,1,2
VAZGAM6,0,2,1,2,0,1,2,3,0,1,2,1,0
NH24QRF,0,3,1,0,1,0,1,2,1,2,1,0,1
XC8U0WU,0,7,1,0,1,2,1,2,1,0,1,2,3
TNOHGYW,0,2,3,1,2,1,2,1,0,1,2,0,1
074GBKI,0,8,9,8,6,0,1,2,3,0,1,0,1
VWXHT6L,0,9,10,6,1,2,0,1,0,1,2,3,4
2KZXPW3,0,5,3,2,3,0,1,0,1,0,1,0,1
J5ZCIAR,0,7,2,1,0,1,2,0,1,0,1,2,1
NFMBLES,0,2,3,4,2,1,2,0,1,0,1,2,0
CFTTOHK,1,6,1,2,0,1,0,1,0,1,2,1,0
JN3HF3N,0,3,0,1,2,1,2,0,1,0,1,0,1
LW1UI15,0,7,6,2,3,2,0,1,0,1,0,1,0
TFK7428,0,8,1,0,1,0,1,0,1,0,1,0,1
S55LJJX,0,8,9,8,2,0,1,0,1,0,1,0,1
N0F8JO1,0,8,5,1,0,1,2,0,1,2,0,1,0
WSAXNAJ,0,1,0,1,2,1,0,1,2,0,1,2,3
B7M4FAC,0,4,1,2,1,0,1,2,0,1,0,1,2
P6E47VZ,0,0,1,2,3,0,1,0,1,2,1,2,0
3Y8D29R,0,4,3,0,1,2,3,0,1,2,1,2,0
04VA4RD,0,4,5,4,1,0,1,0,1,2,3,4,1
40WVR67,0,0,1,2,1,0,1,2,0,1,0,1,0
59L9RNV,0,9,8,3,0,1,2,3,1,0,1,0,1
F7CT66U,0,4,0,1,0,1,2,0,1,0,1,0,1
L32ACSY,0,1,2,0,1,2,3,4,2,3,4,2,1
FK1CEI2,0,2,1,2,0,1,2,0,1,2,1,2,1
80Q4XZ5,0,0,1,2,1,0,1,0,1,2,3,0,1
HW08T19,0,4,2,0,1,0,1,0,1,0,1,0,1
LF9JMEF,0,3,2,1,0,1,0,1,0,1,0,1,0
P8LBIFR,1,7,4,0,1,0,1,0,1,0,1,0,1
Y9GEZJ0,0,8,1,2,1,2,0,1,0,1,0,1,0
ENQSYN8,0,9,6,5,4,5,2,3,2,3,4,0,1
BGRM6OP,0,6,2,3,0,1,0,1,0,1,2,3,1
UZWA7X4,0,4,2,3,4,3,4,0,1,0,1,0,1
Q0BEZLM,0,3,2,1,2,1,0,1,0,1,2,0,1
XXUGPGB,0,6,5,3,4,0,1,2,0,1,2,3,1
9R825YM,0,0,1,0,1,2,3,1,2,0,1,2,0
3NVY6YY,0,3,1,2,1,0,1,0,1,2,3,4,0
JUVA2VM,0,3,2,0,1,2,3,1,0,1,0,1,0
HNWI9LR,0,4,0,1,2,0,1,2,3,4,3,0,1
G44DER6,0,3,4,1,0,1,2,1,0,1,0,1,2
10KVX70,0,6,3,0,1,2,1,0,1,0,1,0,1
EB69JUQ,0,8,9,6,5,1,2,0,1,0,1,2,1
TAXA3AR,0,6,2,3,4,0,1,0,1,2,3,2,0
81FBAT7,0,8,7,0,1,0,1,0,1,0,1,2,1
294MBH1,0,3,4,0,1,2,1,0,1,2,1,0,1
212TGB3,0,7,2,0,1,0,1,0,1,0,1,2,1
N1TXO4A,0,4,0,1,2,1,2,3,4,5,2,3,0
Z7RGM53,1,6,1,0,1,0,1,0,1,0,1,0,1
YO9DDPY,0,7,1,2,1,0,1,0,1,2,3,0,1
CWV78WT,1,2,1,0,1,2,3,4,1,2,0,1,0
74FRME6,0,9,2,1,2,3,4,3,4,0,1,0,1
VZB8W8T,0,6,7,3,1,2,1,2,1,2,1,2,3
PS698MB,0,0,1,0,1,2,3,1,0,1,0,1,0
I66XRTA,1,2,1,2,0,1,0,1,0,1,2,3,2
9Q7LP5S,0,3,2,0,1,2,3,4,1,2,0,1,0
G8IEOTG,0,5,2,1,2,3,1,0,1,0,1,2,1
4C90Y3E,0,4,0,1,0,1,0,1,2,1,2,3,4
K0Y0IUE,0,7,6,0,1,0,1,0,1,2,1,2,0
C6N8NH9,0,0,1,2,3,4,5,2,0,1,0,1,0
0GSW3RX,0,4,3,4,2,1,0,1,2,1,2,1,2
JI1U430,0,6,0,1,2,3,2,1,2,3,2,1,2
WUT87LI,0,3,0,1,2,1,2,1,0,1,2,3,2
MZM8Y92,0,6,1,2,3,4,5,4,3,4,0,1,2
MS43VKZ,0,8,5,2,1,2,3,4,5,0,1,0,1
FRUNCDM,0,3,4,2,0,1,2,3,1,2,3,0,1
OCUCU2I,0,4,3,4,3,2,0,1,0,1,2,0,1
ELCANPY,0,5,6,5,2,3,0,1,0,1,0,1,2
FMVBSZ1,1,9,7,5,6,2,1,0,1,0,1,0,1
7WN1ZGK,0,8,9,1,0,1,0,1,0,1,2,3,4
TLRKZXG,0,0,1,2,1,0,1,2,1,2,0,1,2
12QLIU0,0,8,0,1,0,1,2,1,2,1,2,0,1
ZJDY5U3,0,2,0,1,0,1,2,1,0,1,0,1,0
BK4HAWL,0,9,0,1,2,0,1,0,1,2,3,4,0
37GCGSP,0,8,7,4,3,1,0,1,2,3,0,1,0
AZMQXSA,0,0,1,2,3,2,1,2,3,0,1,2,0
EX8V527,0,7,2,1,2,1,0,1,0,1,2,3,1
VS9R879,0,2,0,1,2,1,0,1,0,1,0,1,0
U00NI2F,0,5,0,1,2,1,0,1,2,1,2,1,0
8MNZ8PV,1,2,3,4,3,0,1,0,1,0,1,2,0
HMTBEJ2,0,2,3,0,1,2,0,1,0,1,0,1,2
CCM9BM5,0,8,7,8,0,1,2,1,2,1,0,1,0
DAM5CX9,0,8,0,1,2,0,1,2,3,2,3,0,1
62GB4BO,1,7,0,1,0,1,0,1,2,0,1,0,1
2BZD6CE,0,5,2,3,2,1,2,1,0,1,0,1,2
Y5YI6C5,0,1,2,1,0,1,2,1,2,3,1,2,0
ZGJTBLM,0,4,0,1,0,1,0,1,0,1,0,1,2
S3PK46T,0,8,5,4,3,4,2,1,0,1,2,3,0
Y22MYJH,0,2,1,0,1,0,1,2,3,4,3,0,1
Y3Z2SI6,0,1,0,1,0,1,0,1,2,0,1,0,1
FVF1HXQ,0,2,1,0,1,2,1,0,1,0,1,2,0
5VRAAPF,0,9,5,6,5,1,2,3,1,0,1,2,3
AXH7V4V,0,9,6,3,4,3,2,3,4,0,1,2,1
LY85JPQ,0,8,1,2,1,2,1,2,3,1,2,0,1
LD5H30D,0,3,0,1,0,1,2,1,2,3,1,2,0
L54VTWJ,0,7,8,3,1,2,0,1,0,1,0,1,0
LC9SHOB,0,8,3,0,1,2,3,1,0,1,2,0,1
KV5K0M8,0,6,1,2,3,4,2,0,1,0,1,2,0
V1P3WUF,1,4,5,0,1,0,1,0,1,0,1,0,1
OZ9R792,0,2,3,0,1,2,1,2,3,4,3,4,0
VT8IOG7,0,6,4,1,2,1,2,3,2,0,1,2,1
9WIBN2T,0,3,4,3,0,1,2,1,2,3,4,5,6
MSIQ0NZ,0,2,0,1,2,3,4,3,2,0,1,2,0
T93XUZA,0,7,0,1,0,1,2,0,1,2,1,0,1
C9DZU67,1,5,0,1,2,0,1,2,1,0,1,2,1
165UPP2,1,9,0,1,2,0,1,0,1,2,3,4,1
KRR93A7,1,5,4,2,3,1,0,1,0,1,0,1,0
HU8GHLN,0,1,0,1,2,1,2,0,1,0,1,2,1
K9GJ7FU,0,6,2,0,1,2,0,1,2,1,0,1,2
N03TZT8,0,4,0,1,0,1,0,1,2,1,0,1,2
NQXPAYA,1,7,2,0,1,0,1,2,3,4,1,0,1
H2PWVPZ,0,8,7,1,2,3,0,1,0,1,2,1,0
6ORK5RC,0,6,5,1,2,3,2,0,1,0,1,2,3
GW60XI2,0,1,0,1,0,1,2,3,0,1,2,1,0
JVFP01X,0,6,0,1,2,3,0,1,0,1,2,3,0
H7EO1I0,0,8,4,3,1,2,0,1,0,1,2,0,1
OALAUGF,0,3,0,1,2,0,1,2,1,0,1,2,3
FIR88AI,0,8,1,2,0,1,2,0,1,0,1,0,1
N3KM0O0,0,7,1,0,1,0,1,2,3,1,0,1,2
K0Z6K0Y,0,4,3,2,1,0,1,2,1,0,1,0,1
VUDNAZW,0,4,1,2,1,2,3,0,1,2,3,1,2
M6NQE9M,0,2,0,1,0,1,0,1,0,1,0,1,0
61MSQTY,0,2,1,0,1,0,1,0,1,2,0,1,0
30PILDK,0,7,2,3,0,1,0,1,0,1,0,1,2
IPBWBRG,0,1,2,3,2,0,1,0,1,2,3,2,1
Q50EES6,0,9,1,2,0,1,2,0,1,2,1,0,1
OMZYXKH,0,3,1,2,0,1,2,1,0,1,2,1,2
YGVAEIJ,0,2,1,0,1,0,1,2,3,0,1,0,1
ZWALJ61,0,7,4,0,1,0,1,0,1,2,0,1,0
5I1E8ZQ,0,8,4,2,0,1,0,1,2,0,1,2,0
75DY60K,0,8,4,2,0,1,0,1,0,1,0,1,2
DRC7V09,1,6,2,3,1,0,1,0,1,0,1,0,1
PJ63E2N,1,2,0,1,0,1,2,0,1,0,1,0,1
GYIROBM,0,6,4,3,1,2,3,0,1,0,1,0,1
W7W97D5,0,4,1,0,1,2,1,2,1,0,1,2,0
7SLEPMS,0,9,0,1,0,1,0,1,2,3,4,2,3
APHUOGW,0,6,4,0,1,0,1,0,1,0,1,2,1
RBP8IDE,0,0,1,0,1,2,0,1,2,1,0,1,0
X8973CK,0,6,1,0,1,2,1,0,1,0,1,2,3
U11OY3F,0,5,6,3,1,2,1,0,1,0,1,0,1
EHCIWT6,1,5,0,1,2,3,4,3,0,1,2,3,0
DGIZ1WS,0,2,3,2,1,0,1,0,1,2,3,2,3
NNAS6J2,0,4,1,2,0,1,0,1,0,1,0,1,2
2VCHHRY,0,4,1,2,0,1,2,1,0,1,0,1,2
IPGCYO6,0,7,2,3,2,1,0,1,2,0,1,0,1
O5KZBCA,0,0,1,2,3,2,3,1,0,1,0,1,2
5O3VEZX,0,7,8,3,1,0,1,2,0,1,0,1,2
EWIMZ7W,0,0,1,0,1,2,0,1,2,3,2,3,4
PEHNQ6X,0,7,8,5,1,2,1,0,1,2,1,0,1
B1PH7TX,0,7,8,1,2,0,1,2,3,1,2,3,2
KW928LK,0,5,4,2,0,1,0,1,0,1,2,1,2
MTIW2CT,0,9,10,6,7,4,0,1,0,1,2,3,2
JNU9BKL,0,4,5,1,2,1,2,0,1,0,1,2,0
JIFMPGX,0,5,2,3,4,3,2,0,1,0,1,2,3
FGS6CAP,1,2,1,0,1,0,1,0,1,0,1,0,1
C0VIPWZ,0,4,0,1,0,1,0,1,2,3,2,3,0
FR1TGKL,0,8,0,1,0,1,0,1,0,1,0,1,2
UH2KBD8,0,0,1,2,1,0,1,2,3,0,1,0,1
ET390GA,0,6,7,2,0,1,2,3,2,1,0,1,0
CBONRZD,0,0,1,0,1,0,1,2,1,2,0,1,2
I6NKZVQ,0,7,1,2,1,2,0,1,0,1,2,0,1
LIZHQGL,0,2,3,2,3,4,0,1,0,1,2,1,0
0XWF6XO,0,9,6,1,0,1,2,3,0,1,2,0,1
NG6M59Y,1,2,0,1,2,3,2,0,1,2,0,1,2
EZDTJZV,0,8,1,0,1,2,3,4,1,0,1,0,1
8Q39E7P,0,0,1,2,0,1,0,1,2,3,1,2,0
BE7WVUL,0,7,1,0,1,0,1,2,0,1,0,1,2
YZFOFX3,0,6,0,1,0,1,2,3,2,3,2,1,2
83MK7Z0,0,9,5,6,3,0,1,2,0,1,2,1,2
JZWE9UL,0,4,3,4,0,1,0,1,0,1,0,1,0
14C372O,0,9,6,4,5,4,5,3,0,1,0,1,0
GTV1ELF,0,3,4,2,1,0,1,0,1,2,0,1,2
Z5808FJ,0,6,1,2,1,0,1,2,0,1,0,1,2
DHZKVAR,0,0,1,0,1,0,1,0,1,2,3,2,0
R11AETQ,0,6,4,2,0,1,0,1,0,1,2,0,1
JG7L27R,0,3,4,2,0,1,2,3,4,5,1,2,3
WMO32TR,0,4,3,2,0,1,2,1,0,1,2,3,0
P1TAWWN,0,8,7,6,1,2,3,0,1,2,3,4,0
UBN1SVW,0,7,5,0,1,2,1,0,1,0,1,2,1
IOHYQWQ,0,2,1,2,0,1,0,1,0,1,2,3,1
IHDOG0M,0,1,0,1,2,1,0,1,2,0,1,2,1
JIJA1BC,0,9,10,7,1,0,1,2,0,1,0,1,2
Z31E4ZW,0,6,0,1,2,1,2,0,1,2,3,2,3
2OEZP42,0,9,6,4,5,0,1,0,1,2,1,2,0
TEBU74F,0,8,5,4,1,0,1,2,0,1,2,0,1
JAGGFKA,0,0,1,2,0,1,0,1,0,1,2,3,4
N3TYRIV,0,0,1,0,1,0,1,0,1,0,1,0,1
E6RPPE7,0,6,7,3,2,1,0,1,2,3,1,0,1
6L50NYJ,0,1,0,1,2,3,4,1,0,1,0,1,0
QIYP78N,0,0,1,0,1,0,1,2,3,4,1,0,1
ZOSQDLE,0,7,0,1,0,1,0,1,0,1,0,1,0
0V46WVF,0,9,8,3,2,0,1,2,3,0,1,0,1
WGFH11L,1,6,2,0,1,2,3,4,2,1,0,1,0
45B9P0U,0,3,0,1,2,3,4,3,2,1,0,1,2
OK17IDU,0,7,3,4,3,1,0,1,0,1,0,1,0
HL68ZB4,0,8,7,0,1,2,1,2,1,2,1,2,3
6FE3LKU,0,3,2,0,1,2,0,1,0,1,2,3,0
MIZD1NW,0,0,1,2,3,2,3,2,3,0,1,2,3
TL7A37T,1,9,7,0,1,0,1,2,3,1,2,1,0
99E1477,1,0,1,2,0,1,0,1,0,1,0,1,2
DHAR05X,1,6,4,2,1,0,1,0,1,2,0,1,2
1XS0IDY,0,0,1,0,1,0,1,0,1,0,1,0,1
QV17IMN,0,9,3,1,0,1,0,1,0,1,0,1,0
HALJ9IP,0,1,2,3,2,3,1,0,1,0,1,2,0
HYTA1GP,0,6,5,1,2,1,0,1,0,1,0,1,2
6MNAO96,0,9,10,2,3,4,5,4,0,1,0,1,0
NFUNBIS,0,8,5,1,2,3,1,2,0,1,0,1,2
1Z17DLB,1,6,0,1,2,1,0,1,2,3,2,1,0
8AKD9I0,0,7,8,2,3,2,1,0,1,2,3,2,3
5O3U19K,0,6,2,1,2,0,1,2,0,1,2,1,2
2KEGDBG,0,5,4,2,0,1,2,0,1,0,1,0,1
3IAA29V,1,4,1,0,1,0,1,2,3,0,1,2,3
B5E81BW,1,2,3,1,2,3,2,0,1,0,1,0,1
CH7Z0QS,0,4,2,3,0,1,0,1,2,1,2,0,1
G9F78T5,1,0,1,2,3,2,3,4,3,2,0,1,2
YXH1H55,0,2,1,2,1,0,1,0,1,0,1,2,1
WDB57M9,1,5,2,1,2,0,1,0,1,2,1,0,1
J7VT73F,0,6,1,0,1,0,1,0,1,2,0,1,0
QX9RSUT,0,2,1,0,1,2,0,1,2,3,4,1,0
FYRF66T,0,9,2,3,4,1,0,1,2,0,1,2,3
0M55L5E,0,6,1,2,0,1,2,1,0,1,0,1,2
L7HH3ZO,0,7,8,0,1,0,1,2,1,2,1,0,1
1R16Y81,1,9,7,6,3,4,0,1,0,1,2,3,0
WWKOPW2,0,2,1,0,1,2,1,0,1,0,1,2,3
SCX55RB,0,9,6,1,2,3,4,1,0,1,2,0,1
XPG1CL6,0,9,0,1,2,3,2,3,4,2,0,1,0
P7BVEHD,0,7,1,2,1,2,1,0,1,0,1,0,1
0HQIAHM,1,0,1,2,3,2,1,0,1,2,0,1,2
ZCYB2QF,0,9,3,1,2,3,4,3,1,2,3,2,0
EC566PB,0,9,3,1,2,1,0,1,0,1,2,0,1
HH1096I,0,6,0,1,2,0,1,2,3,1,2,3,2
5905HUB,0,6,4,0,1,2,0,1,2,3,1,2,3
BAB8ZCW,0,5,2,3,1,0,1,2,3,1,0,1,0
0IK8ZBJ,0,0,1,2,3,2,1,0,1,2,1,0,1
R5JQRMD,0,5,0,1,2,0,1,2,0,1,0,1,2
IOFT590,0,6,3,4,2,3,4,1,0,1,2,0,1
IU6ET4W,0,7,5,4,3,1,2,0,1,2,0,1,2
U51VT9I,1,8,3,1,0,1,0,1,2,3,0,1,2
XPSKENZ,0,0,1,0,1,0,1,0,1,0,1,2,0
I7PTASX,0,3,4,0,1,0,1,0,1,0,1,2,3
F1CQCJ4,1,9,1,0,1,2,1,2,0,1,2,1,0
IA5H650,0,2,0,1,2,1,0,1,0,1,0,1,2
YVH37OE,0,3,4,3,4,3,2,1,0,1,0,1,2
MN2J81D,0,8,4,3,0,1,0,1,2,0,1,0,1
AK8RW54,0,7,1,2,1,0,1,2,0,1,0,1,0
TCBMKXG,0,7,8,6,4,3,1,0,1,2,0,1,2
FBO9NM2,0,5,1,0,1,0,1,2,3,2,1,0,1
G534HHC,0,3,0,1,2,1,0,1,0,1,2,3,1
1BS8KTV,0,8,1,2,0,1,0,1,2,3,0,1,2
FL9EC5I,0,1,2,3,1,2,0,1,0,1,2,1,0
E2K00VI,0,6,0,1,2,1,2,1,0,1,0,1,2
2ECFF6K,0,2,3,4,1,0,1,2,3,1,0,1,2
48VCEAW,0,4,0,1,0,1,0,1,0,1,0,1,2
J76VKI5,0,7,8,6,4,1,0,1,2,1,2,3,2
KHMPCD4,0,7,1,0,1,0,1,2,1,0,1,0,1
6R48W4S,0,4,3,4,5,4,0,1,2,1,0,1,2
BUEC4GR,0,9,3,1,0,1,0,1,0,1,0,1,2
5H6XZOC,0,6,1,0,1,0,1,0,1,2,1,2,3
2SOX4OA,0,5,1,0,1,2,1,2,3,4,2,1,2
FZLQGS9,0,3,1,0,1,2,3,1,2,3,0,1,0
SSOWSFW,0,2,3,4,0,1,0,1,2,1,2,3,2
SK5U94P,0,2,3,4,5,6,0,1,2,3,2,3,2
JO2YO5J,0,5,0,1,2,0,1,0,1,0,1,0,1
SU1VNMY,0,1,0,1,2,0,1,0,1,2,3,1,2
1LSKF28,0,9,8,6,3,4,2,3,4,1,0,1,0
9YB86OT,1,3,2,1,0,1,0,1,2,1,0,1,0
FKKDU5U,0,6,0,1,2,0,1,0,1,2,3,4,2
E0ICEL1,0,2,3,1,2,3,4,3,1,0,1,0,1
CCBX7A0,0,8,0,1,2,3,4,2,3,4,5,4,2
R4GTJQE,0,1,0,1,2,3,2,1,2,0,1,2,1
KB7KR54,1,7,1,2,0,1,0,1,2,0,1,0,1
RDUXBJW,0,1,2,0,1,0,1,2,3,1,2,3,1
K9YA83X,0,3,2,3,2,3,4,5,0,1,2,1,0
26WA88S,0,0,1,0,1,0,1,2,1,0,1,2,0
6UUSXTL,0,0,1,0,1,2,3,1,0,1,0,1,2
EEM20B7,0,7,5,3,4,5,2,1,2,1,0,1,2
WM77NIA,0,7,6,7,4,3,4,3,4,5,0,1,0
H9N3BGF,0,5,2,3,2,1,0,1,2,0,1,0,1
TXD8ANF,0,0,1,2,0,1,2,3,4,2,0,1,0
QLMIMW1,0,5,1,0,1,2,1,0,1,0,1,0,1
88Q82LQ,0,2,0,1,0,1,0,1,0,1,2,3,4
UXEVFJ6,0,8,2,3,1,2,0,1,0,1,0,1,2
NB1NAUM,0,8,9,3,1,2,0,1,2,1,2,1,2
OEK2CTX,0,1,0,1,2,3,1,2,3,2,1,0,1
C4CQQWY,0,6,7,2,1,2,3,1,2,1,0,1,2
7XNZSJC,0,0,1,0,1,0,1,0,1,0,1,2,0
1EZQ2IV,0,4,1,2,3,1,2,3,2,3,1,0,1
Z833FD0,0,9,2,1,2,1,2,0,1,0,1,0,1
5JZM5P6,0,3,4,0,1,2,3,0,1,0,1,0,1
F8C1P97,0,2,1,0,1,2,1,0,1,0,1,0,1
TTZHNR7,0,2,1,2,1,2,1,2,1,2,3,2,0
3IGYB6A,0,2,0,1,2,3,4,3,2,3,0,1,0
AAMHSY4,1,2,1,2,0,1,2,1,0,1,2,1,2
1IDWLOH,0,1,0,1,0,1,0,1,2,0,1,0,1
N8387UK,0,7,0,1,2,3,0,1,0,1,2,0,1
U5FRB9Y,0,9,6,4,1,2,1,0,1,2,3,0,1
R4NZNMC,0,7,1,2,1,0,1,2,1,2,0,1,2
Z7PVW2D,0,3,0,1,0,1,0,1,2,0,1,0,1
0EPOU10,0,3,4,3,4,5,4,1,2,1,0,1,0
PTFLH8L,0,7,8,7,2,3,4,0,1,2,3,4,5
GTA0MRD,0,8,1,0,1,0,1,0,1,2,3,1,0
GZ89HHJ,0,9,0,1,2,3,1,2,1,0,1,0,1
7KWGG33,0,6,5,3,2,0,1,0,1,2,3,0,1
PZO3PW4,0,2,3,2,1,2,3,0,1,2,1,2,1
VOYLBM6,0,8,0,1,2,0,1,0,1,0,1,2,3
7XNA3IH,0,3,1,2,3,2,0,1,2,3,0,1,2
CFJMP0D,0,3,2,0,1,2,3,1,0,1,2,0,1
RE6HP92,0,8,3,4,3,2,1,0,1,2,1,0,1
UNOPA23,0,4,5,3,4,1,2,3,1,2,0,1,0
XBKSSNC,0,3,0,1,2,1,0,1,0,1,2,3,0
98V5VMF,1,5,3,0,1,2,3,0,1,2,1,2,0
NS3T0FC,1,1,0,1,2,1,2,3,0,1,2,1,2
TSG7BLQ,0,2,3,0,1,0,1,2,0,1,2,3,4
03EQ24Y,1,2,0,1,0,1,2,3,1,2,1,2,0
9UQ33I7,0,9,3,0,1,2,3,2,1,2,1,2,1
BN809EV,0,0,1,2,1,2,3,0,1,0,1,0,1
7VUCKFL,0,7,3,1,2,3,0,1,2,3,1,2,0
0HGG1JG,0,3,0,1,0,1,2,3,2,3,2,3,1
5PPFYHF,0,4,5,1,0,1,0,1,0,1,2,1,0
XDQUEQM,0,9,7,5,3,1,0,1,2,1,0,1,0
2MEVN82,0,3,4,2,3,4,1,0,1,2,3,2,1
73TJQQD,0,2,0,1,0,1,2,1,2,0,1,0,1
NCQ2JQR,0,0,1,2,1,2,1,2,1,2,0,1,2
26EVUCH,0,0,1,0,1,0,1,0,1,0,1,0,1
MDUL5YA,0,3,4,1,2,0,1,0,1,2,1,2,1
Q3JZHAV,0,1,0,1,0,1,0,1,0,1,0,1,0
SL1A69I,0,1,0,1,2,3,1,0,1,2,0,1,0
FQWV4O4,0,2,0,1,2,0,1,2,3,4,5,3,4
4X5714E,1,8,9,10,11,10,11,1,0,1,2,0,1
QUU4FOC,0,3,2,3,1,2,0,1,2,0,1,2,1
YARRMX2,0,4,3,0,1,0,1,0,1,2,3,2,0
5288R0I,0,9,8,6,4,2,0,1,0,1,2,3,1
JQ2IKLJ,0,4,2,1,2,0,1,0,1,0,1,2,3
ZC61A3D,0,6,0,1,0,1,2,0,1,0,1,0,1
8WP4KZN,0,0,1,2,1,2,0,1,0,1,2,1,0
84I7B77,0,8,3,1,2,3,4,1,2,3,4,1,2
L8IDJCX,0,9,8,1,0,1,0,1,0,1,2,3,0
EMXU8FZ,0,9,6,0,1,2,1,2,3,0,1,2,1
V8EX1NA,0,9,1,2,3,1,2,3,2,1,0,1,0
QMBGXAJ,0,9,0,1,0,1,2,1,0,1,0,1,2
1ZA209R,0,6,1,0,1,0,1,2,3,0,1,0,1
OYNZITQ,0,7,1,2,3,1,2,0,1,2,3,0,1
617X6PF,0,5,0,1,2,0,1,2,1,0,1,0,1
DANKHF2,0,4,2,3,2,3,4,2,3,4,1,2,1
7QZF3A1,0,5,1,2,1,2,3,0,1,2,0,1,2
YDORTZ9,0,2,3,0,1,0,1,0,1,0,1,2,1
3OAXMG0,0,7,0,1,0,1,0,1,2,1,0,1,2
O9P6K29,0,2,1,2,3,1,0,1,2,1,0,1,0
QCJM297,0,7,5,0,1,0,1,0,1,2,3,1,2
OWSTI9I,0,9,10,4,1,0,1,0,1,0,1,2,1
PL704AF,0,1,2,0,1,2,1,2,3,1,0,1,0
EMRZKUC,0,1,0,1,2,3,2,3,2,3,2,0,1
EW1MTUW,1,7,6,0,1,0,1,2,3,2,1,2,3
51EVGBU,0,9,1,0,1,2,0,1,0,1,0,1,0
Z59TRJG,0,1,2,0,1,0,1,0,1,2,3,4,5
IXRDC2I,1,0,1,2,3,1,2,0,1,2,3,2,3
4FAHH6M,0,7,5,4,3,2,3,1,0,1,2,3,0
2L3L1BV,0,5,4,0,1,0,1,2,1,2,1,0,1
HQSW6GV,0,3,1,2,1,0,1,0,1,2,1,0,1
NZDDCEP,0,5,4,1,2,1,2,1,2,1,2,1,0
K2T249N,0,7,3,4,0,1,2,1,2,3,4,2,3
TOB8UDB,0,8,1,2,3,1,2,0,1,2,1,2,1
PHTB757,0,7,0,1,2,1,0,1,0,1,2,3,2
64DI9L7,0,1,0,1,2,3,0,1,2,0,1,0,1
K8VGD6J,1,0,1,2,1,2,3,4,2,0,1,2,0
BN7CG0I,0,8,4,0,1,0,1,2,0,1,2,1,0
2RTE3U7,0,6,2,3,2,1,0,1,2,1,0,1,0
VYMYDKK,0,6,0,1,2,1,2,3,4,1,0,1,0
O3YIECO,0,5,0,1,2,1,0,1,2,0,1,2,0
22ZECOP,0,4,3,1,2,0,1,2,0,1,2,0,1
8ZI22G5,0,3,1,2,0,1,0,1,2,3,1,0,1
OVE55RL,0,1,2,3,1,2,0,1,2,1,0,1,2
IBFCZDE,0,5,0,1,0,1,2,1,2,1,2,1,2
QW7OC29,0,5,0,1,2,1,0,1,0,1,0,1,0
LXYOBSJ,0,2,0,1,0,1,0,1,2,3,0,1,2
CPF9LZU,0,1,0,1,0,1,2,0,1,2,3,1,2
CYR45H1,0,1,2,1,0,1,2,3,0,1,2,0,1
I1FKBBU,0,4,3,4,3,1,0,1,2,3,1,0,1
7H60PEW,0,7,4,0,1,2,3,0,1,2,1,2,3
BA4QLN4,0,2,0,1,0,1,2,0,1,2,1,2,0
0UY58JF,0,9,3,4,1,0,1,0,1,0,1,0,1
3Q36E8L,0,8,9,7,0,1,2,3,1,2,1,0,1
T42QMEQ,0,1,0,1,2,3,4,0,1,2,3,2,0
HV41GWA,0,9,1,0,1,2,0,1,0,1,2,3,4
YZ7YL32,1,1,2,0,1,0,1,0,1,2,0,1,0
AZV2HLG,0,5,2,3,4,0,1,2,3,1,2,0,1
ZNKGCYG,0,7,6,5,4,2,0,1,0,1,2,3,4
NDE7IM2,0,3,4,0,1,2,1,0,1,2,1,0,1
52Y6R7X,1,9,2,1,0,1,0,1,0,1,2,0,1
UB8C9XW,0,5,2,0,1,0,1,2,3,4,2,0,1
UFCDJO2,0,4,5,4,5,1,2,0,1,2,3,4,5
O7N07ZO,0,3,2,1,0,1,2,3,2,0,1,0,1
VUZKX65,0,7,4,0,1,0,1,0,1,2,1,0,1
9CQE5YO,0,3,2,3,2,0,1,0,1,2,0,1,0
VJT1G85,1,7,8,3,4,2,3,4,0,1,0,1,0
DKC57P3,0,6,7,0,1,2,1,2,0,1,2,3,1
HIDKOMG,0,4,1,0,1,2,3,0,1,0,1,0,1
V5ZVEFL,0,3,4,2,0,1,2,1,2,3,0,1,2
VUK2YZO,0,7,8,6,7,0,1,0,1,0,1,0,1
7VHN2DC,0,9,4,2,0,1,2,0,1,2,3,4,5
RIZ39QB,0,5,4,2,1,0,1,0,1,2,0,1,2
4L18OSN,0,5,4,0,1,2,1,2,1,2,0,1,0
8WKWWM0,0,9,7,3,4,5,0,1,2,3,2,0,1
30FBDHM,0,9,4,5,3,4,3,1,0,1,2,0,1
P9GCN6T,0,1,2,0,1,0,1,0,1,2,0,1,2
E2GP2Z3,0,9,3,2,3,2,3,0,1,2,3,1,2
O5NN4KR,0,6,1,0,1,2,0,1,0,1,0,1,2
LP53EYS,0,2,3,2,0,1,0,1,2,3,0,1,2
USPG98B,0,0,1,0,1,0,1,0,1,0,1,2,1
WBMJ5VD,0,2,3,4,3,2,3,0,1,0,1,2,0
EPDJ227,0,3,4,5,0,1,0,1,2,1,0,1,2
AUEXDL7,0,7,6,3,4,0,1,0,1,0,1,0,1
Q3J7S49,0,8,4,0,1,0,1,2,1,0,1,2,0
IDOGIFY,0,9,0,1,0,1,2,1,0,1,2,1,0
GPI7O78,0,5,4,1,2,1,0,1,2,3,4,5,6
D0VI2EO,1,0,1,2,0,1,2,3,0,1,2,0,1
BR4QVS4,0,4,2,3,0,1,0,1,0,1,2,3,4
GTX9TR6,0,3,1,2,0,1,0,1,0,1,0,1,2
4XGG1I6,0,2,3,0,1,0,1,2,0,1,0,1,0
BIZT6FW,0,1,0,1,0,1,2,1,0,1,0,1,0
EN1FKOF,0,7,4,0,1,2,1,2,0,1,0,1,2
0ELEA30,0,5,6,1,2,0,1,0,1,2,1,2,0
2I41U2N,0,7,0,1,2,0,1,0,1,0,1,2,3
E9RZHIW,1,2,1,0,1,2,3,2,1,2,3,0,1
UKT58ZS,0,8,9,1,2,0,1,0,1,0,1,0,1
LRSIJNN,0,8,7,3,2,3,0,1,2,0,1,0,1
38QZ2HX,0,5,2,3,2,0,1,0,1,2,0,1,0
TKOY1EB,0,6,1,2,1,0,1,2,1,2,0,1,0
XO4EA9T,0,8,9,7,0,1,2,0,1,0,1,2,1
XOJ1PNG,0,7,0,1,0,1,0,1,0,1,0,1,2
77HGMXC,0,3,4,3,4,3,2,1,2,1,0,1,0
REWR9GY,0,4,1,0,1,2,0,1,2,3,1,0,1
3LUDI8U,0,0,1,0,1,0,1,0,1,0,1,0,1
NOHNAA9,0,1,2,0,1,2,1,2,1,2,3,1,0
ZN03CU0,0,7,1,2,3,4,3,2,1,2,3,0,1
AEXWHWH,0,0,1,0,1,2,3,1,0,1,2,0,1
TD8F0AJ,0,8,0,1,0,1,0,1,0,1,2,3,1
4EDXZ08,0,1,0,1,0,1,0,1,2,1,2,3,4
0026NI3,0,5,0,1,2,3,2,1,0,1,0,1,2
AJ56B5Y,0,0,1,2,0,1,0,1,0,1,2,3,2
1ALE37N,0,8,4,5,4,5,0,1,0,1,0,1,0
X2QMTXB,0,4,0,1,2,1,0,1,0,1,0,1,0
Q1WQ35H,0,4,1,2,3,1,2,1,0,1,2,3,2
J5KHM4N,0,4,0,1,0,1,0,1,0,1,2,3,1
KAKQXXZ,0,3,2,3,4,3,4,0,1,0,1,0,1
NF101MX,0,2,0,1,0,1,2,1,0,1,2,3,1
8RD9VVT,0,1,0,1,2,3,2,0,1,2,3,2,1
IQVJN22,0,7,6,1,2,3,1,2,1,0,1,0,1
PMD1N61,0,4,1,0,1,2,1,2,3,1,0,1,0
OPK8A2Q,0,2,1,2,1,0,1,2,0,1,2,3,0
T3ID2A1,0,4,5,1,2,0,1,2,0,1,0,1,0
QNKUDPA,0,8,6,4,3,2,0,1,0,1,0,1,0
YFV513W,0,2,0,1,2,3,4,3,2,3,1,0,1
169P7R3,1,1,0,1,2,0,1,2,0,1,2,1,2
IOHPKQJ,0,3,1,2,3,0,1,2,0,1,0,1,0
5LL30FB,0,5,1,2,0,1,2,0,1,0,1,0,1
X3U8E9X,0,2,1,2,0,1,2,1,2,0,1,2,0
LVNVOBO,1,4,1,0,1,2,0,1,2,1,2,3,4
8Y0GKM2,0,2,3,2,1,0,1,2,1,0,1,2,1
D4NOB3T,0,4,2,0,1,0,1,0,1,0,1,0,1
47DEECP,0,5,2,0,1,2,1,0,1,0,1,0,1
Z52UUZA,0,4,0,1,0,1,0,1,0,1,0,1,0
XV80WVK,0,9,3,1,2,3,1,0,1,0,1,2,3
YAMR33P,0,4,5,3,4,3,0,1,0,1,0,1,2
G1UMT4I,0,3,1,2,1,0,1,0,1,2,0,1,2
669EO7I,0,3,2,0,1,2,0,1,2,1,0,1,2
PLH7CF4,0,8,9,6,2,0,1,2,0,1,0,1,0
4R7E1VC,0,6,2,0,1,2,0,1,2,1,0,1,2
7URL8XM,0,6,7,0,1,0,1,0,1,2,1,2,1
YD4ZOO0,1,1,2,3,4,1,2,0,1,2,1,0,1
38Q2FX9,0,9,10,11,9,5,1,2,0,1,2,1,0
DOOZHVI,1,7,2,1,0,1,0,1,0,1,2,0,1
0VZNDE0,0,4,0,1,0,1,2,1,0,1,2,0,1
2YYYZKS,0,4,1,2,1,2,1,2,0,1,2,0,1
60E7ZN9,0,3,1,2,0,1,2,3,4,1,0,1,0
40NJ6PQ,0,6,1,0,1,2,0,1,2,1,0,1,0
2RMGIAE,1,0,1,2,3,2,3,0,1,2,0,1,2
VYD3KR1,0,6,1,2,0,1,0,1,2,1,2,3,1
70A1CY8,0,3,1,0,1,0,1,2,0,1,0,1,2
JKWDH3F,1,6,4,3,1,0,1,2,0,1,2,1,2
X50SUG6,0,3,2,1,2,1,0,1,0,1,0,1,2
9KSGPPC,0,7,5,0,1,2,0,1,2,0,1,0,1
1CJVIQE,1,3,4,2,3,0,1,0,1,2,3,1,0
KM6IBYQ,0,6,4,1,0,1,0,1,2,1,2,0,1
71KHLZ4,0,1,2,3,4,1,0,1,0,1,0,1,2
EH9IHEJ,0,1,2,0,1,0,1,0,1,2,0,1,0
WGRYEQ7,0,2,1,0,1,0,1,0,1,0,1,2,1
XKF0HJ7,1,0,1,2,1,0,1,2,1,0,1,0,1
HPMZ4IP,0,8,2,0,1,0,1,2,0,1,2,1,2
KM6B20N,1,2,3,4,3,1,0,1,2,0,1,0,1
Y4CAWPR,0,6,0,1,0,1,2,3,0,1,2,0,1
MJ5AOFA,0,7,8,7,1,2,0,1,2,1,2,3,2
R0GNP92,0,4,3,4,5,3,0,1,0,1,0,1,0
ITKEPPN,0,3,4,2,3,1,2,0,1,2,3,0,1
WOZDYDZ,0,2,3,1,2,3,1,0,1,0,1,0,1
GUHXRS3,1,4,5,2,3,2,1,2,0,1,0,1,2
7V9HJ4A,0,5,1,0,1,0,1,2,0,1,2,1,0
O6KQ4PV,0,2,0,1,0,1,0,1,0,1,0,1,0
7L8NF4S,0,0,1,0,1,0,1,2,0,1,0,1,2
MJ06X83,0,6,0,1,2,3,4,3,2,3,4,2,1
KTJLEUX,0,6,4,3,2,1,0,1,0,1,2,0,1
SO4RPOP,0,4,0,1,0,1,2,3,1,2,3,1,2
FWZYUM1,0,7,3,0,1,2,1,2,3,4,5,0,1
3R5GNS0,0,4,1,0,1,2,0,1,2,0,1,2,1
ATIXU9B,0,4,1,0,1,2,0,1,2,0,1,2,3
57P0YQW,0,4,2,3,0,1,0,1,0,1,0,1,2
VDQ8JC2,0,8,4,0,1,0,1,2,0,1,0,1,2
0E1ZKEW,0,3,2,3,1,2,3,4,5,0,1,2,1
1TLZ0LK,0,1,2,3,4,3,0,1,2,1,0,1,2
BNVE7XX,0,4,0,1,0,1,2,1,2,3,4,1,0
V9N071R,0,4,2,1,0,1,0,1,0,1,0,1,2
SA04ROT,0,1,0,1,2,0,1,0,1,2,1,2,0
HPKOVCL,0,0,1,2,1,0,1,0,1,2,1,2,0
KPPIT3B,0,5,3,2,0,1,2,0,1,0,1,0,1
3MZQDI7,0,5,3,4,0,1,2,3,4,1,0,1,2
Q802AHF,0,5,6,3,4,5,6,0,1,2,1,2,1
0OY75XW,1,4,0,1,0,1,0,1,2,3,0,1,2
B0J72JS,1,5,2,1,0,1,0,1,2,1,2,3,0
IRA1FQV,0,7,8,5,2,3,2,1,2,1,2,3,0
ZQCJEKZ,0,6,0,1,0,1,2,3,1,2,3,0,1
EJLJJOC,0,1,0,1,2,3,1,2,3,2,0,1,2
08HO3CX,0,6,5,0,1,0,1,0,1,0,1,2,3
2FWJGKP,0,4,2,0,1,2,0,1,0,1,0,1,2
Q63994Q,0,5,4,0,1,0,1,0,1,2,0,1,2
B5K0RKC,0,3,4,0,1,0,1,0,1,0,1,0,1
WL3YVD6,0,6,2,1,2,3,0,1,0,1,2,3,0
88B3YR1,0,0,1,0,1,0,1,0,1,2,3,4,3
R5SHS4W,0,1,0,1,0,1,0,1,2,3,0,1,0
V59M8YZ,0,0,1,0,1,0,1,0,1,0,1,2,3
RFCM61Y,1,0,1,0,1,0,1,0,1,0,1,0,1
23BD09A,0,4,3,1,2,0,1,2,3,4,0,1,2
3AX6IFS,0,4,5,2,1,0,1,0,1,2,0,1,0
G2DP8W7,0,5,6,3,2,1,0,1,0,1,0,1,0
JS0GHPW,0,8,0,1,2,1,2,0,1,2,0,1,2
358F4V8,1,1,0,1,2,1,0,1,0,1,0,1,0
FS61WX9,0,5,0,1,0,1,0,1,0,1,2,3,1
WCEYRR3,1,3,2,0,1,2,3,0,1,2,1,2,1
8LQB06J,0,1,2,3,1,0,1,2,1,0,1,0,1
5V80AYJ,0,2,1,0,1,2,0,1,2,0,1,0,1
KZ2KBMO,0,0,1,0,1,2,0,1,0,1,0,1,0
Y3WCT04,0,4,0,1,2,0,1,0,1,2,3,4,2
0E6TIY0,0,6,3,1,2,3,1,0,1,0,1,2,1
BDRTH9W,0,5,4,3,4,1,0,1,0,1,2,1,2
J333CKD,0,8,2,3,0,1,2,1,2,3,0,1,0
GTIZ3OG,0,0,1,0,1,2,1,0,1,2,3,4,2
W4GG7Q5,0,4,3,0,1,0,1,0,1,2,1,0,1
T6WZ1B8,0,8,1,2,0,1,2,0,1,2,0,1,2
7M6W6PT,0,2,3,4,0,1,2,1,0,1,0,1,2
3UNGRQ9,0,4,2,1,0,1,2,1,0,1,2,3,2
P40R2FI,0,6,0,1,0,1,2,1,2,1,2,0,1
APQ1F3P,0,2,3,4,1,2,1,0,1,2,0,1,2
N391VYD,0,9,0,1,0,1,0,1,2,3,1,0,1
HQDMWC0,0,9,0,1,0,1,2,3,1,0,1,0,1
E2Q5KD9,0,8,2,1,2,1,2,3,1,0,1,2,0
8M5UYY9,0,7,8,0,1,0,1,2,1,2,3,4,5
4VSUPFS,0,6,3,4,3,0,1,0,1,2,1,2,3
Z97TWD2,0,7,5,1,2,3,1,2,3,0,1,2,3
1FFGD3B,0,1,0,1,2,1,2,0,1,2,0,1,0
GEDFHGJ,0,4,0,1,2,0,1,0,1,2,3,0,1
GEG17J2,0,6,5,1,0,1,0,1,0,1,0,1,2
EZWTLYN,0,3,0,1,0,1,0,1,2,0,1,0,1
DT3OFHP,0,5,4,2,3,4,2,3,1,2,0,1,2
MTVI12G,0,8,3,0,1,0,1,2,3,4,2,3,0
CLMCZLS,0,5,3,0,1,0,1,2,1,2,3,4,1
7C59CV3,0,3,0,1,2,3,1,2,0,1,0,1,2
953MMUS,0,5,4,0,1,2,1,2,0,1,0,1,2
5KG0P03,1,0,1,0,1,2,0,1,2,0,1,2,0
C088V0R,0,4,2,3,2,0,1,0,1,0,1,0,1
SIJUYPP,0,6,2,3,4,2,0,1,2,1,0,1,0
7WCU0OV,0,8,2,0,1,0,1,2,0,1,2,0,1
EC8HMJS,0,3,0,1,0,1,0,1,2,0,1,0,1
UALE1W8,0,5,4,1,0,1,0,1,0,1,0,1,2
TBXZF2Y,0,9,8,3,1,0,1,2,1,0,1,2,3
L4AXYAW,0,5,3,1,2,3,1,0,1,0,1,2,3
JRVNI88,0,4,0,1,0,1,2,1,2,0,1,0,1
1Y27JBH,0,9,2,3,0,1,2,3,2,3,4,5,1
NC795HN,0,4,3,2,0,1,0,1,0,1,2,3,1
BNHQCVO,1,9,1,0,1,2,3,4,0,1,0,1,2
LZDEO8W,0,4,1,2,3,0,1,2,3,1,0,1,2
XJVKWC0,0,8,7,5,4,1,0,1,2,3,1,2,1
R4ILBFS,0,2,3,1,2,1,2,1,2,1,0,1,2
DXZX9WG,0,7,6,2,3,2,0,1,0,1,0,1,0
AQ1JGLB,0,5,4,2,0,1,0,1,0,1,0,1,0
5KTQNW6,0,3,0,1,0,1,2,1,2,0,1,0,1
EQ3IQ7A,0,9,1,0,1,2,0,1,0,1,0,1,2
VXHKED3,1,4,1,2,3,1,2,3,1,0,1,2,3
J7ESM33,0,5,1,2,0,1,2,1,0,1,0,1,2
RX8UHAX,0,8,1,2,0,1,2,3,2,1,0,1,2
93CBZ7A,0,3,2,1,2,3,4,5,2,3,2,1,0
GIUM2FM,0,0,1,0,1,2,1,0,1,0,1,2,1
WHPXJIF,0,6,2,1,0,1,2,3,2,1,2,0,1
4X7EPEK,0,2,1,0,1,2,3,1,2,1,2,3,0
6XXYDY4,0,9,8,2,1,0,1,0,1,0,1,2,0
I760GWJ,1,5,6,0,1,0,1,2,3,0,1,2,3
8VGJ3QL,0,7,0,1,2,0,1,2,3,1,0,1,2
S19BSB8,0,1,0,1,0,1,0,1,0,1,0,1,0
JTEF4EL,0,9,3,1,0,1,0,1,2,3,4,5,4
IISNL78,0,3,2,3,2,3,1,0,1,2,0,1,2
B7K4LK2,0,9,0,1,0,1,2,0,1,0,1,2,1
HCFZJLC,0,9,0,1,0,1,2,0,1,2,1,2,3
N2PRFXO,0,4,3,1,2,0,1,0,1,0,1,2,1
9DVRR4S,0,4,3,4,0,1,0,1,0,1,2,1,0
D7BWMYB,0,2,0,1,0,1,0,1,2,3,2,1,2
L7VERGS,0,8,1,2,0,1,0,1,0,1,2,1,2
AH5ZVOQ,1,0,1,2,1,0,1,2,3,0,1,0,1
2HR2GV6,0,4,3,0,1,0,1,2,0,1,0,1,0
9ZKI87X,0,9,3,1,2,0,1,0,1,0,1,2,0
N0MG2VO,0,4,5,6,3,4,1,0,1,2,1,0,1
Q77T4QY,0,5,4,1,2,3,1,0,1,2,0,1,0
3OT0Z9P,1,7,0,1,0,1,0,1,0,1,0,1,2
D3E0TXF,0,9,4,5,2,1,2,0,1,0,1,0,1
HO9R4V2,1,5,2,1,0,1,2,3,4,5,0,1,0
IAOD5GL,0,6,7,0,1,0,1,0,1,0,1,2,3
W8YACQB,0,0,1,2,3,2,1,2,1,0,1,2,3
9C8MV6L,0,1,2,1,0,1,0,1,0,1,2,0,1
2B55Q28,0,5,2,1,0,1,0,1,2,0,1,2,0
ENE4X23,0,3,4,3,1,0,1,2,1,0,1,0,1
JG8QJT0,0,5,3,1,2,3,4,1,2,1,2,0,1
ZN4RL1F,1,2,0,1,0,1,2,0,1,2,0,1,0
PGM6B73,0,3,2,0,1,2,0,1,2,1,0,1,2
DPJAJ4S,0,7,4,0,1,0,1,2,3,4,5,4,5
1ZAWI6J,0,1,2,0,1,0,1,0,1,0,1,2,1
GJFZ4CR,0,2,0,1,0,1,0,1,0,1,2,3,1
XDOY9HS,0,0,1,2,1,2,3,2,3,4,2,0,1
5U3BLPB,0,4,1,0,1,2,1,2,1,2,0,1,2
GILFBFE,1,4,5,4,0,1,2,1,0,1,2,3,1
5R7I5T5,0,0,1,0,1,0,1,0,1,0,1,0,1
I8JO1YM,0,4,0,1,2,3,2,0,1,0,1,0,1
IR4S0ZB,0,2,0,1,0,1,0,1,2,0,1,2,0
0PF41Z0,0,8,9,3,1,2,0,1,0,1,0,1,0
WK0GB67,0,3,4,2,3,2,3,2,0,1,0,1,2
K4NKOH2,0,5,4,1,2,0,1,2,3,0,1,2,1
QRXHZX8,0,8,2,3,4,1,2,1,0,1,2,3,0
AWZQR28,0,6,4,0,1,2,1,2,3,4,1,0,1
JCHYYMX,0,9,5,1,2,1,2,0,1,2,0,1,2
DR2D1KZ,0,9,4,0,1,2,1,0,1,0,1,0,1
2AEW2YE,0,2,0,1,2,0,1,2,1,0,1,0,1
Z8C3DK3,0,9,6,4,3,1,0,1,2,1,0,1,2
M57JSQ9,0,3,1,0,1,2,3,2,0,1,2,3,2
FX4SYXU,0,5,3,2,1,0,1,0,1,2,1,2,3
6XK1H2O,0,5,0,1,2,3,2,1,0,1,2,1,0
SQ3Z665,0,0,1,2,3,4,2,1,2,0,1,2,1
49P5GYF,0,0,1,2,3,1,0,1,0,1,2,3,0
2X9QIRG,0,0,1,2,3,0,1,2,3,2,0,1,0
YA6P38M,0,4,0,1,2,0,1,0,1,0,1,2,3
01I42QI,0,1,2,1,2,0,1,0,1,2,0,1,0
ULYS737,0,3,2,3,0,1,2,0,1,0,1,0,1
NNSLF6E,0,2,3,1,0,1,2,0,1,2,3,0,1
EL4IU90,0,6,0,1,2,1,2,3,1,2,3,1,2
3BS4YDU,0,1,0,1,2,1,2,1,0,1,0,1,2
X6B4S2Q,1,6,7,5,2,1,0,1,0,1,2,1,0
QGWJPP4,0,4,3,4,1,0,1,0,1,2,1,0,1
4116MBR,0,7,1,0,1,2,3,4,2,3,1,0,1
NPKFU4R,0,0,1,0,1,2,1,2,3,0,1,0,1
EC3MFJN,0,3,1,0,1,0,1,2,3,0,1,2,3
Y1F1B52,0,8,9,0,1,0,1,2,3,0,1,0,1
MAOO1BI,0,7,8,9,2,0,1,2,3,2,3,4,5
LB35C0C,0,3,2,3,2,1,2,3,0,1,0,1,2
JPU45E7,0,7,6,0,1,2,1,0,1,0,1,0,1
FUCRG08,1,2,0,1,0,1,0,1,2,3,0,1,2
9WDLSTA,1,9,7,5,4,2,3,2,3,1,2,3,2
KZX8X5G,0,5,1,0,1,2,0,1,0,1,2,0,1
1FDU3VZ,0,8,1,2,3,0,1,0,1,2,0,1,2
W1YPL1R,0,5,1,0,1,2,0,1,2,3,1,2,1
MRV5GVC,0,9,0,1,2,3,1,0,1,2,1,0,1
YC4K01E,0,3,2,3,2,3,1,0,1,2,1,2,0
OJYWI3N,0,6,3,0,1,2,0,1,0,1,2,3,1
UVUCG7P,0,8,6,1,0,1,0,1,0,1,0,1,0
TK2DM9L,0,9,4,3,4,2,3,0,1,0,1,0,1
XPSXMQ5,0,9,7,4,3,0,1,2,3,2,1,2,0
B6UWFPD,0,1,2,0,1,0,1,0,1,2,0,1,0
Z8AGBKG,0,9,10,8,5,0,1,0,1,0,1,2,3
2XCTUDA,0,5,0,1,2,3,4,3,0,1,0,1,2
QDNKI8I,0,8,9,3,2,0,1,0,1,2,3,4,3
VW65TNM,0,3,4,0,1,2,0,1,0,1,0,1,2
BN7SNGD,0,7,4,2,1,2,1,2,0,1,2,3,4
QBXE0E5,0,1,0,1,0,1,0,1,0,1,2,0,1
2HYG1VT,0,5,1,2,0,1,2,1,2,0,1,2,0
WI9KQHO,0,5,0,1,0,1,0,1,0,1,0,1,0
L9URGQI,0,9,8,1,2,1,0,1,0,1,0,1,2
D6LW8AC,0,9,0,1,0,1,2,3,2,1,0,1,0
27EQ3W1,0,7,4,2,0,1,2,1,2,0,1,0,1
Q1XPUWM,0,4,5,3,4,5,2,0,1,2,0,1,2
8OQMOBJ,0,8,3,1,2,1,0,1,2,0,1,2,3
K5OE3Z6,0,5,4,0,1,0,1,0,1,2,1,2,3
TH941SS,0,3,4,5,2,1,0,1,2,1,2,3,1
1WN3KYB,0,0,1,2,1,0,1,2,3,0,1,2,0
PW0VP9G,1,3,4,0,1,0,1,0,1,0,1,0,1
1V1VZPL,0,5,1,2,3,4,1,2,0,1,2,1,0
9EHPBEP,0,2,0,1,0,1,2,0,1,2,3,0,1
1ME432S,0,0,1,2,1,2,1,2,3,0,1,0,1
2L0BC3T,0,3,1,0,1,2,0,1,0,1,2,3,4
91G350J,0,4,0,1,2,0,1,0,1,0,1,0,1
O71L7SS,0,4,2,3,1,0,1,0,1,0,1,0,1
48UUEI2,0,8,6,3,0,1,0,1,0,1,0,1,2
3SW6RPX,1,1,0,1,2,3,4,5,1,2,3,2,0
VWQ1R7X,1,1,0,1,2,0,1,2,1,2,0,1,2
KVGEZVB,0,5,0,1,0,1,0,1,0,1,0,1,0
X5FMJKI,0,9,8,3,0,1,2,3,2,3,4,1,2
E8C28JZ,1,3,4,2,1,2,1,2,3,1,0,1,2
1F81RQC,0,6,7,6,1,2,3,2,0,1,0,1,2
H5VSYS8,0,2,3,0,1,0,1,0,1,2,0,1,0
58XJKM6,0,5,6,0,1,2,1,2,0,1,2,3,2
S1UQU7G,0,6,7,1,0,1,2,1,2,3,2,0,1
MKRTM07,1,6,4,1,2,3,0,1,0,1,2,1,0
EFPWNIX,1,8,9,6,0,1,2,0,1,0,1,2,1
48N7TWW,0,9,3,4,2,0,1,2,0,1,0,1,2
52E6ER2,0,0,1,0,1,2,0,1,2,1,0,1,0
E4ZH463,0,6,3,2,3,1,0,1,0,1,2,1,0
292655F,1,0,1,2,1,2,3,2,0,1,0,1,0
D5U5PC2,0,7,4,3,2,3,2,0,1,0,1,2,0
DS2DTKE,0,3,0,1,0,1,0,1,0,1,2,0,1
21UZBBN,0,5,6,4,3,1,2,1,0,1,2,3,4
9SI9V9S,1,4,0,1,2,3,2,1,2,3,0,1,2
GBJ4MST,1,2,1,0,1,2,1,0,1,2,3,1,0
3A23C85,0,0,1,0,1,0,1,2,1,0,1,2,3
AMFKRR1,0,4,1,0,1,2,1,0,1,2,1,0,1
WZRANSS,0,9,1,0,1,0,1,2,1,2,3,0,1
MDDO5JZ,0,8,2,3,4,3,1,0,1,0,1,2,1
ME0EDP2,0,9,5,3,0,1,2,3,1,0,1,2,0
NBCRKG3,0,4,1,0,1,0,1,0,1,2,1,2,1
R3A0P04,0,1,0,1,0,1,0,1,0,1,0,1,0
YWQHFLO,0,6,1,2,3,2,1,2,0,1,2,0,1
RU6KEAT,0,5,4,2,3,4,5,4,5,2,3,0,1
0EMMF2K,0,2,1,2,0,1,0,1,2,3,1,0,1
QGHMSV1,0,8,0,1,0,1,0,1,2,1,2,3,1
AQTSCWU,0,7,2,0,1,2,1,0,1,2,3,0,1
EXZSTOK,0,3,1,2,3,2,3,0,1,2,1,2,3
YQ1GT7L,0,8,5,6,0,1,2,1,2,1,2,3,1
OG2W5QD,1,6,7,6,4,2,3,2,3,4,2,3,2
ZKFEN37,1,2,1,0,1,2,0,1,2,1,0,1,0
GGZPQOU,0,9,1,0,1,0,1,2,0,1,2,3,0
CNSIDSA,0,3,2,3,0,1,0,1,2,0,1,0,1
QO0P36I,0,2,0,1,0,1,0,1,2,3,2,3,4
L4G9XHX,0,5,6,5,1,0,1,2,3,2,3,2,3
00RWV41,0,1,0,1,2,1,2,0,1,0,1,0,1
JC5LL3L,0,0,1,2,1,0,1,2,3,2,0,1,0
HVRZHUK,0,9,6,4,2,1,0,1,0,1,2,1,0
X6INPI2,0,7,4,2,0,1,0,1,0,1,0,1,0
O3FTWJQ,0,5,0,1,0,1,2,0,1,0,1,2,3
F1XD0A1,0,0,1,0,1,2,1,0,1,0,1,2,3
EPK4OP3,0,1,0,1,2,3,4,2,1,0,1,0,1
H8Q08E6,0,1,2,0,1,2,0,1,2,1,0,1,0
54FC1IS,0,2,0,1,0,1,2,1,0,1,2,3,2
1VGQXA3,0,7,4,3,2,0,1,2,3,1,0,1,0
HPRUPWE,0,6,7,8,7,6,1,0,1,0,1,2,3
J1MYQVU,0,4,2,0,1,2,3,0,1,0,1,2,3
WKV6M4G,0,2,0,1,0,1,0,1,0,1,2,0,1
0ZCL5OX,0,5,4,3,2,3,2,0,1,2,3,1,2
NJTVIFX,0,3,2,3,4,1,2,3,4,1,2,3,0
SFH8KC2,0,1,0,1,2,3,2,0,1,0,1,2,3
0XRJ9UJ,0,9,6,3,2,1,0,1,0,1,2,3,2
FS2UWNQ,0,4,2,1,0,1,0,1,0,1,0,1,2
NPFZ5HN,0,4,2,3,2,3,4,1,2,3,1,2,3
R4IPD13,0,8,1,2,1,2,0,1,0,1,2,0,1
6IPD9RV,0,8,3,1,0,1,2,0,1,0,1,2,0
PE7CI5C,0,1,0,1,2,3,4,2,0,1,2,0,1
4R0I4DJ,0,7,1,2,3,2,0,1,2,3,0,1,0
4DZUR60,0,4,2,3,0,1,2,3,4,2,0,1,2
7C0KJW2,0,2,1,0,1,2,3,0,1,2,1,0,1
PS0YCNM,0,8,5,2,0,1,0,1,2,3,2,0,1
NZSRFRI,0,8,5,0,1,0,1,0,1,0,1,2,1
MNZQ9NQ,0,1,2,3,1,2,3,0,1,0,1,2,0
MQ1FODV,0,3,1,2,3,4,1,0,1,2,0,1,2
4W7BCIW,0,4,3,4,0,1,2,0,1,0,1,2,0
N622B2J,0,9,3,0,1,0,1,0,1,0,1,0,1
EH1MI0S,0,8,5,3,4,0,1,0,1,2,1,0,1
HOQ72BV,0,7,5,3,2,1,0,1,0,1,2,1,0
WXVCS6Q,0,7,6,3,1,0,1,0,1,0,1,0,1
WS1CMIN,0,7,4,1,0,1,2,0,1,0,1,2,1
LB6AW32,0,8,9,7,0,1,2,3,2,0,1,0,1
GNVRG49,0,5,2,3,4,2,0,1,0,1,2,1,0
WT5ZPYC,0,6,0,1,2,3,2,1,2,1,2,1,0
DJL6SIA,0,1,2,0,1,2,0,1,0,1,0,1,2
TZ5IFZW,0,4,2,3,4,1,0,1,2,1,2,3,1
DDV89AJ,0,2,1,2,0,1,0,1,0,1,0,1,0
H4ZEMLC,0,6,0,1,2,1,0,1,2,0,1,2,3
PPAFAN0,0,1,0,1,0,1,2,3,0,1,0,1,2
E5ZWICO,0,7,2,1,2,0,1,0,1,0,1,2,1
QSAFZRL,0,7,2,3,2,1,2,1,0,1,2,3,0
KIPU4YW,0,0,1,2,0,1,2,1,0,1,2,3,4
XYYFQR9,0,8,9,0,1,0,1,2,1,2,1,0,1
4HBH57I,0,3,1,0,1,0,1,0,1,0,1,2,0
9KR0UJS,0,2,0,1,2,3,0,1,0,1,2,1,0
2RFEW39,0,5,4,2,1,2,0,1,2,1,2,3,2
PR0HO2G,0,8,1,2,0,1,2,1,0,1,0,1,0
DO47WY7,0,0,1,0,1,2,1,2,0,1,2,0,1
1OZA5KJ,0,3,0,1,2,1,0,1,2,0,1,2,0
UA6JA3Z,0,9,6,4,3,2,3,0,1,0,1,0,1
P3VVBL4,0,5,1,2,3,4,2,1,0,1,0,1,0
Y5E5ISS,0,6,1,0,1,0,1,0,1,2,0,1,0
ZDPEPYF,0,8,0,1,2,1,2,3,1,0,1,0,1
QYNUE3U,0,2,1,0,1,0,1,2,3,0,1,2,1
J42YAPE,0,0,1,0,1,2,0,1,2,1,2,3,0
43ICM7D,1,2,1,2,1,2,0,1,0,1,2,0,1
MJ5P8TN,1,2,1,2,0,1,0,1,2,0,1,0,1
4Q9NFGP,0,5,0,1,0,1,0,1,0,1,0,1,0
51P82CH,0,5,6,5,4,0,1,0,1,2,1,2,0
R7QB5YI,0,2,1,2,1,2,3,1,0,1,2,1,2
J57RSLM,0,1,0,1,2,3,4,2,3,2,1,0,1
NB6CGMT,0,6,7,3,2,3,2,0,1,0,1,2,0
DZ0G7F6,0,4,1,0,1,0,1,0,1,2,0,1,2
KPCZFNK,0,0,1,2,1,2,1,0,1,0,1,0,1
S8U5Y15,0,6,3,0,1,2,0,1,0,1,0,1,2
SFXBFBV,0,7,1,2,3,4,2,0,1,0,1,0,1
FKJOMLA,0,8,6,2,0,1,2,1,2,1,0,1,0
63Z8WJX,0,4,3,4,5,1,0,1,2,3,4,5,3
YKKFK2A,1,5,4,5,3,2,1,0,1,0,1,0,1
OE98JO0,0,9,6,0,1,2,3,2,3,0,1,0,1
S8LTM39,0,7,8,5,2,0,1,0,1,0,1,0,1
CDNNY3M,1,7,0,1,2,1,2,0,1,2,3,4,0
VUC3864,0,6,4,2,0,1,0,1,2,3,1,2,3
EYBHT7D,0,3,0,1,2,3,4,0,1,2,3,2,3
OLVM40T,0,1,0,1,0,1,2,0,1,2,0,1,2
61ZAPK3,0,4,0,1,0,1,0,1,0,1,0,1,2
09MLLXT,0,4,2,1,2,0,1,0,1,2,1,0,1
KOZSBP4,0,6,0,1,0,1,0,1,2,1,0,1,2
BU8GY0X,0,5,2,1,2,1,2,3,1,0,1,2,3
A3U12ER,0,2,3,1,2,1,2,0,1,0,1,0,1
D7S0B9F,0,0,1,0,1,0,1,0,1,2,3,2,3
95TBM4H,0,9,3,2,1,0,1,0,1,2,3,0,1
ZLVA14Z,0,6,1,2,3,0,1,0,1,0,1,2,0
G5GG56C,0,4,5,4,1,0,1,0,1,0,1,2,1
HX334PF,0,9,7,0,1,2,1,2,1,2,0,1,2
MTM79XV,0,9,1,0,1,0,1,0,1,0,1,0,1
4240GO2,0,2,1,0,1,0,1,0,1,0,1,0,1
NCTYAHJ,0,8,9,8,2,1,2,3,4,2,1,2,0
TFXTZW7,0,4,3,0,1,0,1,0,1,2,1,0,1
EDKNBCO,0,8,0,1,0,1,0,1,2,0,1,2,0
L2PZTR7,0,3,1,2,1,2,3,0,1,2,0,1,2
LZEEANZ,0,1,2,0,1,0,1,2,0,1,2,1,2
K0YDQ6P,0,8,1,0,1,2,1,2,0,1,0,1,2
S0Q17IQ,0,2,3,0,1,0,1,0,1,2,0,1,0
2BNEKJF,0,4,1,2,3,1,0,1,0,1,0,1,2
BOLSBI7,0,3,2,3,1,0,1,2,3,4,1,0,1
CRXC76O,1,2,0,1,2,3,0,1,0,1,0,1,0
ZS52CRW,0,6,2,3,1,0,1,0,1,0,1,2,0
69WIXAF,0,7,6,7,5,6,3,0,1,2,3,1,0
GXBXF60,0,4,3,4,2,0,1,0,1,2,3,4,5
BNGDIVB,0,1,2,3,4,2,1,0,1,2,0,1,2
LXBGC84,0,4,3,2,1,2,1,2,3,1,2,0,1
A14YG7W,0,1,2,1,0,1,2,0,1,2,1,0,1
BRPHEEI,0,6,4,3,1,0,1,2,0,1,0,1,2
NUZDB7N,0,7,1,0,1,0,1,2,0,1,2,3,4
MKC2RR9,0,6,5,3,1,2,0,1,0,1,0,1,0
PFR0ZOX,0,5,0,1,0,1,2,1,2,0,1,2,3
CCR2NX1,0,1,2,0,1,0,1,2,1,2,0,1,2
22T6XLD,0,4,2,1,0,1,2,0,1,0,1,2,1
PT2LLYN,0,4,2,0,1,0,1,2,0,1,2,1,0
37FAMN0,1,3,2,1,0,1,2,0,1,0,1,2,0
WGD1F2Y,0,6,3,0,1,0,1,2,0,1,2,0,1
W4DZPXK,0,5,3,0,1,2,0,1,0,1,0,1,0
KTDY6EF,0,4,1,2,3,2,1,2,1,0,1,2,0
1N78O78,0,5,2,0,1,2,0,1,0,1,0,1,0
F1PD1D3,0,3,0,1,2,1,0,1,2,0,1,2,0
A6GCIH8,0,8,7,3,0,1,0,1,2,3,4,0,1
RP4LN7Y,0,8,3,2,0,1,0,1,2,3,2,1,0
O2ECO7A,0,3,2,1,2,3,0,1,0,1,0,1,0
Y0VZSVJ,0,9,4,2,1,2,0,1,0,1,2,1,2
PCFTK26,1,1,0,1,0,1,0,1,2,1,2,0,1
CBM28QI,0,2,1,0,1,0,1,2,0,1,0,1,2
ETLDR4K,0,7,3,0,1,2,0,1,2,1,0,1,2
2HP76O8,0,5,6,4,3,0,1,0,1,0,1,0,1
QGGVAU0,0,6,4,3,4,3,0,1,0,1,0,1,0
VYXHZA7,0,5,6,7,5,6,1,2,1,0,1,2,0
QSTD0R2,0,6,3,2,3,0,1,2,0,1,2,1,0
FCN7G13,0,0,1,2,0,1,0,1,2,3,0,1,2
REB6NUK,0,5,4,0,1,0,1,0,1,2,0,1,0
2UXN0W8,0,8,1,0,1,2,1,0,1,2,0,1,2
Z4YP7W8,0,6,3,1,0,1,2,1,0,1,0,1,0
KD6VD3N,0,7,1,0,1,0,1,2,1,2,0,1,2
P418L3U,0,0,1,2,3,4,2,0,1,0,1,2,1
S551BMP,0,7,3,1,2,3,4,3,4,5,4,2,0
83BYXIN,0,5,1,2,1,2,3,1,2,3,4,0,1
3FQMUWU,0,1,2,0,1,2,1,0,1,2,3,4,2
PWPWVLL,0,5,0,1,2,0,1,2,0,1,0,1,0
AFB5F7H,0,0,1,0,1,2,1,0,1,0,1,2,0
MEJR2FY,0,4,3,1,2,3,2,3,1,2,0,1,2
X77UROP,0,7,4,1,2,0,1,0,1,2,0,1,0
TPWLXZ1,0,7,6,5,0,1,0,1,2,0,1,0,1
PKMOIFI,0,3,0,1,0,1,2,0,1,0,1,2,0
F9295SU,0,9,2,1,2,0,1,0,1,2,0,1,0
9OWQ58E,0,3,1,2,1,0,1,0,1,2,1,2,3
S75K38X,0,3,1,2,3,1,2,0,1,2,1,2,1
HRZ3ZSU,0,9,3,4,0,1,2,3,1,0,1,0,1
ED59SIZ,0,6,0,1,2,1,0,1,0,1,2,0,1
N85FBVI,0,6,7,0,1,0,1,0,1,2,3,4,1
FKCBAOI,0,8,4,3,0,1,2,3,0,1,2,1,2
Y1R79WW,0,4,1,0,1,2,1,2,1,0,1,0,1
WMLBQ9D,0,1,2,0,1,2,1,2,3,4,1,2,3
20OUTWH,1,8,3,1,0,1,2,0,1,0,1,0,1
7Z8DE3N,1,5,2,1,0,1,2,1,2,1,2,3,2
LM3AJLY,0,6,0,1,2,1,0,1,2,3,2,3,4
JJOPKIW,0,4,3,4,2,0,1,2,0,1,0,1,0
7ADE11G,0,2,0,1,0,1,0,1,0,1,2,0,1
M5W326R,0,7,3,0,1,2,3,0,1,0,1,2,3
KMMWF6D,0,8,4,0,1,0,1,2,3,1,2,0,1
A5BAI5W,0,7,0,1,2,0,1,2,1,2,3,4,0
ZBB8T5I,0,5,3,4,0,1,0,1,0,1,2,1,2
P89FBL8,0,7,0,1,0,1,2,3,4,5,4,0,1
RT1UK57,0,9,6,0,1,0,1,0,1,0,1,0,1
H00B71N,0,4,2,0,1,0,1,2,1,0,1,0,1
L75JEFJ,0,2,0,1,2,1,0,1,2,1,0,1,2
AVJBGC3,0,9,10,11,3,4,1,0,1,0,1,0,1
FQ1KYP0,0,0,1,0,1,2,3,4,3,1,2,0,1
W5HUZF2,0,3,1,2,1,0,1,0,1,0,1,2,0
3RZLUA5,0,4,1,2,3,0,1,0,1,2,0,1,0
XJBYX94,0,0,1,2,1,2,3,0,1,2,0,1,0
GDK4SK9,0,9,6,5,6,3,4,0,1,2,0,1,0
TRPN66B,0,7,5,6,7,3,0,1,2,1,0,1,2
6IUB8LQ,0,4,2,0,1,0,1,0,1,2,1,0,1
IQZEQPA,0,7,2,0,1,0,1,0,1,2,1,0,1
R87D6EK,0,5,1,0,1,0,1,2,1,2,1,2,0
R4Q6IE9,0,8,2,0,1,0,1,0,1,0,1,2,0
KY4ZIPK,0,3,2,1,0,1,0,1,0,1,0,1,0
81JA8OA,1,6,3,4,1,0,1,2,0,1,0,1,0
9RMYY4P,0,7,0,1,2,1,2,1,0,1,2,3,4
GOMCVT6,0,1,0,1,0,1,0,1,0,1,0,1,2
N7Z1804,0,8,5,3,0,1,2,0,1,0,1,0,1
13QL9GY,0,8,6,3,2,0,1,2,1,2,0,1,2
VJTCUH3,0,6,4,1,0,1,2,0,1,0,1,2,0
DYL23D5,0,0,1,0,1,0,1,2,1,0,1,0,1
Y04LM4T,0,7,6,3,2,3,0,1,2,3,2,1,2
QA62KO1,1,4,5,6,4,1,2,3,2,3,4,2,0
0XCIS83,0,4,2,1,0,1,0,1,0,1,0,1,2
PKGQF6L,0,0,1,0,1,0,1,2,3,4,0,1,0
X5627HK,0,0,1,2,3,4,5,3,2,1,0,1,2
NAEF650,0,3,4,2,1,0,1,0,1,2,0,1,0
5ZZV8TY,0,4,5,4,1,0,1,0,1,0,1,0,1
80J4JP7,0,1,0,1,2,3,2,0,1,0,1,2,1
SLMH897,0,1,2,1,2,1,0,1,2,0,1,2,1
UDOGQU6,0,4,2,3,0,1,0,1,0,1,2,0,1
2JXSC1E,0,8,1,0,1,2,1,0,1,2,3,1,2
OSOH2YR,0,8,7,3,2,0,1,2,1,0,1,0,1
0FW7QYP,0,8,1,2,3,0,1,0,1,0,1,0,1
VNI6X46,0,3,4,3,4,2,3,2,3,4,2,3,0
H6TZFXN,0,5,4,5,2,3,4,2,0,1,2,1,0
4BGUD6S,0,1,2,3,0,1,2,0,1,2,0,1,0
NCM9M03,0,8,4,0,1,2,0,1,0,1,0,1,0
X6OVR87,0,1,0,1,0,1,2,1,2,0,1,0,1
J44J9T6,0,5,4,0,1,2,1,2,0,1,0,1,0
5X8A58Y,0,0,1,2,3,4,1,0,1,2,3,4,0
8I7KVMA,0,5,6,5,0,1,2,0,1,0,1,2,1
PJQCU4R,0,8,5,6,0,1,0,1,2,1,0,1,2
VIO59R5,0,3,4,1,0,1,2,1,2,3,1,2,0
EA4QS11,0,0,1,0,1,2,1,2,3,2,1,2,1
VFNN70Q,0,3,0,1,2,1,2,1,0,1,2,0,1
111G0P1,0,7,3,1,0,1,0,1,2,1,2,0,1
0LJI0WW,1,5,4,1,0,1,2,0,1,0,1,0,1
5NUT4JT,0,8,9,10,3,4,1,2,1,0,1,0,1
LK3DY7D,0,6,3,4,5,3,4,0,1,0,1,0,1
P5QFNYC,0,2,0,1,2,1,2,1,2,3,1,0,1
J5M9G7V,1,6,5,2,0,1,0,1,0,1,2,1,2
NF7OEV1,0,0,1,0,1,0,1,0,1,2,3,4,0
IVTCHVK,0,1,2,1,2,3,2,1,2,0,1,0,1
8IHY4AZ,0,6,7,3,2,0,1,2,0,1,0,1,0
SSTNBLY,0,0,1,0,1,0,1,0,1,0,1,0,1
J4A1XMT,0,1,2,3,0,1,0,1,0,1,2,1,0
B6IPCKN,0,2,1,0,1,2,1,0,1,0,1,0,1
VKURD6I,0,2,1,0,1,2,1,2,3,0,1,2,3
L2SRPI0,0,8,3,2,3,0,1,2,0,1,0,1,2
2O0ASUQ,0,3,1,2,1,2,1,2,3,4,3,1,0
IXRB4FR,1,0,1,0,1,2,3,2,0,1,0,1,0
JWJH5DY,0,7,8,5,4,0,1,2,3,0,1,2,3
EX5UPIY,0,7,0,1,0,1,0,1,2,1,0,1,2
TXLDG4O,0,7,1,2,3,0,1,2,0,1,2,0,1
0P3KU8D,0,5,0,1,2,3,2,1,2,0,1,2,1
T4CJTWE,0,3,2,0,1,0,1,2,0,1,2,0,1
BEJ3A22,0,2,0,1,0,1,2,0,1,0,1,0,1
EFJ8R53,0,9,3,2,0,1,2,0,1,2,3,0,1
77GZRHP,0,3,1,0,1,0,1,0,1,0,1,0,1
0H4HRD8,0,2,0,1,0,1,2,1,0,1,2,0,1
IXYFRMS,1,3,1,2,1,0,1,0,1,0,1,0,1
3K6WOS6,0,7,3,1,0,1,0,1,2,0,1,2,0
SZITLQR,0,9,6,1,2,0,1,0,1,0,1,2,0
MWBL0SF,0,1,2,1,2,0,1,0,1,2,0,1,2
PD05874,0,8,7,1,2,1,2,3,1,2,1,2,0
D29IT06,0,7,4,2,3,4,3,4,2,0,1,0,1
WGWHHW0,0,1,2,1,2,1,0,1,2,1,2,1,2
JKNPKN2,0,7,6,3,4,1,2,3,2,1,0,1,0
HIPE993,0,4,2,1,2,1,0,1,2,3,1,0,1
RSKU5OR,0,0,1,0,1,0,1,0,1,2,3,2,3
6G57RM0,0,0,1,0,1,2,1,2,0,1,2,1,0
IHM5D8O,0,1,2,1,0,1,0,1,0,1,2,3,1
Y0MKBXB,0,2,0,1,0,1,2,0,1,0,1,2,0
7VTDX1Z,0,2,0,1,0,1,0,1,2,1,2,0,1
JEYVMJ5,0,0,1,0,1,0,1,0,1,2,3,4,3
NML6X0D,0,6,4,1,2,3,4,0,1,2,3,4,3
1VITQN6,1,5,2,0,1,2,1,2,3,0,1,0,1
SAFLAQC,0,9,7,6,5,3,0,1,0,1,0,1,2
ZAK6X0Q,0,9,5,1,0,1,2,1,0,1,0,1,0
CRPTME7,0,6,2,1,0,1,2,3,4,0,1,2,0
2BZ2AKU,0,4,5,4,3,1,0,1,2,0,1,0,1
BY8GQ6O,0,8,2,0,1,2,3,4,3,1,0,1,2
LK7DSIJ,0,0,1,2,0,1,2,0,1,2,1,2,1
FG39P8K,0,7,6,7,6,4,1,0,1,2,1,2,3
QWD4I15,0,7,3,4,0,1,0,1,2,0,1,0,1
86LQCEU,0,8,7,4,2,1,0,1,2,3,2,1,0
ZWCTDJW,0,3,2,1,2,1,2,0,1,2,1,0,1
VKRDYRS,0,3,2,3,2,1,2,0,1,0,1,0,1
JS6RPTT,1,5,3,1,2,3,0,1,2,0,1,2,1
XTMFC4V,0,6,0,1,0,1,0,1,0,1,0,1,2
